Ship_Name,Voyage_ID,Leg_Sequence,Port_Name,ETA_Planned,Service_Time_Hours,Next_Port,Optimized_Priority
KM AWU,VOY_11_2025,1,KUMAI,2025-06-26 03:00:00,34.0,SURABAYA,0.4251260771102084
KM AWU,VOY_11_2025,2,SURABAYA,2025-06-28 17:00:00,7.0,BENOA,0.6016096245649569
KM AWU,VOY_11_2025,3,BENOA,2025-06-30 03:00:00,6.0,BIMA,0.44643914974977905
KM AWU,VOY_11_2025,4,BIMA,2025-07-01 06:00:00,2.0,WAINGAPU,0.556161345129055
KM AWU,VOY_11_2025,5,WAINGAPU,2025-07-01 22:00:00,3.0,ENDE,0.36000605630296767
KM AWU,VOY_11_2025,6,ENDE,2025-07-02 10:00:00,2.0,KUPANG,0.7185052274463124
KM AWU,VOY_11_2025,7,KUPANG,2025-07-03 01:00:00,5.0,KALABAHI,0.27065667820606965
KM AWU,VOY_11_2025,8,KALABAHI,2025-07-03 19:00:00,3.0,KUPANG,0.45734720982239047
KM AWU,VOY_11_2025,9,KUPANG,2025-07-04 11:00:00,5.0,ENDE,0.43857005211084804
KM AWU,VOY_11_2025,10,ENDE,2025-07-05 05:00:00,2.0,WAINGAPU,0.048337982135371826
KM AWU,VOY_11_2025,11,WAINGAPU,2025-07-05 16:00:00,3.0,BIMA,0.5841498420695477
KM AWU,VOY_11_2025,12,BIMA,2025-07-06 09:00:00,2.0,BENOA,0.4133864569340835
KM AWU,VOY_11_2025,13,BENOA,2025-07-07 08:00:00,3.0,SURABAYA,0.830196933614065
KM AWU,VOY_11_2025,14,SURABAYA,2025-07-08 15:00:00,7.0,KUMAI,0.42744851154772023
KM AWU,VOY_11_2025,15,KUMAI,2025-07-10 03:00:00,0.0,,0.4921273859319303
KM AWU,VOY_13_2025,1,KUMAI,2025-07-24 03:00:00,34.0,SURABAYA,0.7924971041449362
KM AWU,VOY_13_2025,2,SURABAYA,2025-07-26 17:00:00,7.0,BENOA,0.3255090633586693
KM AWU,VOY_13_2025,3,BENOA,2025-07-28 03:00:00,6.0,BIMA,0.3235594137133969
KM AWU,VOY_13_2025,4,BIMA,2025-07-29 06:00:00,2.0,WAINGAPU,0.29214480843812124
KM AWU,VOY_13_2025,5,WAINGAPU,2025-07-29 22:00:00,3.0,ENDE,0.7348959515265403
KM AWU,VOY_13_2025,6,ENDE,2025-07-30 10:00:00,2.0,KUPANG,0.26953117281540706
KM AWU,VOY_13_2025,7,KUPANG,2025-07-31 01:00:00,5.0,KALABAHI,0.13962004927122884
KM AWU,VOY_13_2025,8,KALABAHI,2025-07-31 19:00:00,3.0,KUPANG,0.8414328795272961
KM AWU,VOY_13_2025,9,KUPANG,2025-08-01 11:00:00,5.0,ENDE,0.5145975287641388
KM AWU,VOY_13_2025,10,ENDE,2025-08-02 05:00:00,2.0,WAINGAPU,0.37514335388301706
KM AWU,VOY_13_2025,11,WAINGAPU,2025-08-02 16:00:00,3.0,BIMA,0.378189750745976
KM AWU,VOY_13_2025,12,BIMA,2025-08-03 09:00:00,2.0,BENOA,0.31823708271762696
KM AWU,VOY_13_2025,13,BENOA,2025-08-04 08:00:00,3.0,SURABAYA,0.4657148473578609
KM AWU,VOY_13_2025,14,SURABAYA,2025-08-05 15:00:00,7.0,KUMAI,0.4670777683888423
KM AWU,VOY_13_2025,15,KUMAI,2025-08-07 03:00:00,0.0,,0.4673104600146929
KM KELUD,VOY_26_2025,1,TANJUNG PRIOK,2025-07-04 04:00:00,17.0,BATAM,0.4320397066838956
KM KELUD,VOY_26_2025,2,BATAM,2025-07-06 05:00:00,5.0,TANJUNG BALAI KARIMUN,0.3354883739460956
KM KELUD,VOY_26_2025,3,TANJUNG BALAI KARIMUN,2025-07-06 13:00:00,1.0,BELAWAN,0.5117903538213784
KM KELUD,VOY_26_2025,4,BELAWAN,2025-07-07 13:00:00,24.0,TANJUNG BALAI KARIMUN,0.4657897219927493
KM KELUD,VOY_26_2025,5,TANJUNG BALAI KARIMUN,2025-07-09 12:00:00,1.0,BATAM,0.5469369306963726
KM KELUD,VOY_26_2025,6,BATAM,2025-07-09 16:00:00,4.0,TANJUNG PRIOK,0.6344600701871633
KM KELUD,VOY_26_2025,7,TANJUNG PRIOK,2025-07-11 04:00:00,0.0,,0.31863759286245896
KM KELUD,VOY_27_2025,1,TANJUNG PRIOK,2025-07-11 04:00:00,22.0,BATAM,0.26996777052852444
KM KELUD,VOY_27_2025,2,BATAM,2025-07-13 10:00:00,4.0,TANJUNG BALAI KARIMUN,0.9277520735932283
KM KELUD,VOY_27_2025,3,TANJUNG BALAI KARIMUN,2025-07-13 17:00:00,1.0,BELAWAN,0.45624174218728164
KM KELUD,VOY_27_2025,4,BELAWAN,2025-07-14 17:00:00,20.0,TANJUNG BALAI KARIMUN,0.517185736782564
KM KELUD,VOY_27_2025,5,TANJUNG BALAI KARIMUN,2025-07-16 12:00:00,1.0,BATAM,0.38856034691035707
KM KELUD,VOY_27_2025,6,BATAM,2025-07-16 16:00:00,4.0,TANJUNG PRIOK,0.7109502074269152
KM KELUD,VOY_27_2025,7,TANJUNG PRIOK,2025-07-18 04:00:00,0.0,,0.8019413601419281
KM KELUD,VOY_28_2025,1,TANJUNG PRIOK,2025-07-18 04:00:00,17.0,BATAM,0.11025996222811175
KM KELUD,VOY_28_2025,2,BATAM,2025-07-20 05:00:00,5.0,TANJUNG BALAI KARIMUN,0.4162049767261352
KM KELUD,VOY_28_2025,3,TANJUNG BALAI KARIMUN,2025-07-20 13:00:00,1.0,BELAWAN,0.7070057240644764
KM KELUD,VOY_28_2025,4,BELAWAN,2025-07-21 13:00:00,24.0,TANJUNG BALAI KARIMUN,0.36116592491335475
KM KELUD,VOY_28_2025,5,TANJUNG BALAI KARIMUN,2025-07-23 12:00:00,1.0,BATAM,0.6016806369218322
KM KELUD,VOY_28_2025,6,BATAM,2025-07-23 16:00:00,4.0,TANJUNG PRIOK,0.2553674522873585
KM KELUD,VOY_28_2025,7,TANJUNG PRIOK,2025-07-25 04:00:00,0.0,,0.6619072520723782
KM KELUD,VOY_29_2025,1,TANJUNG PRIOK,2025-07-25 04:00:00,22.0,BATAM,0.5215099779682184
KM KELUD,VOY_29_2025,2,BATAM,2025-07-27 10:00:00,4.0,TANJUNG BALAI KARIMUN,0.6054411763125089
KM KELUD,VOY_29_2025,3,TANJUNG BALAI KARIMUN,2025-07-27 17:00:00,1.0,BELAWAN,0.49294513374720844
KM KELUD,VOY_29_2025,4,BELAWAN,2025-07-28 17:00:00,20.0,TANJUNG BALAI KARIMUN,0.5236186923736581
KM KELUD,VOY_29_2025,5,TANJUNG BALAI KARIMUN,2025-07-30 12:00:00,1.0,BATAM,0.3544509224495832
KM KELUD,VOY_29_2025,6,BATAM,2025-07-30 16:00:00,4.0,TANJUNG PRIOK,0.3470030555122269
KM KELUD,VOY_29_2025,7,TANJUNG PRIOK,2025-08-01 04:00:00,0.0,,0.6740811419246968
KM LAWIT,VOY_13_2025,1,KUMAI,2025-07-04 18:00:00,3.0,SURABAYA,0.25292567278974676
KM LAWIT,VOY_13_2025,2,SURABAYA,2025-07-06 01:00:00,5.0,BENOA,0.45904048375825496
KM LAWIT,VOY_13_2025,3,BENOA,2025-07-07 11:00:00,4.0,BIMA,0.5344515636991366
KM LAWIT,VOY_13_2025,4,BIMA,2025-07-08 13:00:00,2.0,WAINGAPU,0.3588072694858751
KM LAWIT,VOY_13_2025,5,WAINGAPU,2025-07-09 06:00:00,3.0,ENDE,0.5377966652445121
KM LAWIT,VOY_13_2025,6,ENDE,2025-07-09 19:00:00,2.0,KALABAHI,0.6228546533052506
KM LAWIT,VOY_13_2025,7,KALABAHI,2025-07-10 16:00:00,2.0,KUPANG,0.1350434868278365
KM LAWIT,VOY_13_2025,8,KUPANG,2025-07-11 07:00:00,4.0,ROTE,0.7305517477163734
KM LAWIT,VOY_13_2025,9,ROTE,2025-07-11 16:00:00,1.0,KUPANG,0.36979039084525056
KM LAWIT,VOY_13_2025,10,KUPANG,2025-07-11 22:00:00,4.0,KALABAHI,0.6376878398310943
KM LAWIT,VOY_13_2025,11,KALABAHI,2025-07-12 15:00:00,2.0,ENDE,0.40160369360121195
KM LAWIT,VOY_13_2025,12,ENDE,2025-07-13 12:00:00,2.0,WAINGAPU,0.511228972150954
KM LAWIT,VOY_13_2025,13,WAINGAPU,2025-07-14 00:00:00,3.0,BIMA,0.5439984575956818
KM LAWIT,VOY_13_2025,14,BIMA,2025-07-14 18:00:00,2.0,BENOA,0.5736909020965395
KM LAWIT,VOY_13_2025,15,BENOA,2025-07-15 18:00:00,3.0,SURABAYA,0.393752758100656
KM LAWIT,VOY_13_2025,16,SURABAYA,2025-07-17 03:00:00,3.0,KUMAI,0.7568586496467453
KM LAWIT,VOY_13_2025,17,KUMAI,2025-07-18 11:00:00,0.0,,0.7407560085198692
KM NGGAPULU,VOY_12_2025,1,TANJUNG PRIOK,2025-06-25 05:00:00,40.0,SURABAYA,0.4209776599687538
KM NGGAPULU,VOY_12_2025,2,SURABAYA,2025-06-28 00:00:00,4.0,MAKASSAR,0.49849001426231876
KM NGGAPULU,VOY_12_2025,3,MAKASSAR,2025-06-29 09:00:00,4.0,BAU-BAU,0.48384463033818503
KM NGGAPULU,VOY_12_2025,4,BAU-BAU,2025-06-30 03:00:00,2.0,NAMLEA,0.44603767496695623
KM NGGAPULU,VOY_12_2025,5,NAMLEA,2025-07-01 04:00:00,2.0,AMBON,0.39470391810901295
KM NGGAPULU,VOY_12_2025,6,AMBON,2025-07-01 12:00:00,4.0,TERNATE,0.20199411235700915
KM NGGAPULU,VOY_12_2025,7,TERNATE,2025-07-02 12:00:00,2.0,JAILOLO,0.6687112151074838
KM NGGAPULU,VOY_12_2025,8,JAILOLO,2025-07-02 16:00:00,2.0,BITUNG,0.29487776393853965
KM NGGAPULU,VOY_12_2025,9,BITUNG,2025-07-03 03:00:00,9.0,JAILOLO,0.38285253554894627
KM NGGAPULU,VOY_12_2025,10,JAILOLO,2025-07-03 22:00:00,2.0,TERNATE,0.6888647738647397
KM NGGAPULU,VOY_12_2025,11,TERNATE,2025-07-04 02:00:00,2.0,AMBON,0.4898716505881858
KM NGGAPULU,VOY_12_2025,12,AMBON,2025-07-05 00:00:00,3.0,NAMLEA,0.39332039371300564
KM NGGAPULU,VOY_12_2025,13,NAMLEA,2025-07-05 08:00:00,2.0,BAU-BAU,0.3925738752157515
KM NGGAPULU,VOY_12_2025,14,BAU-BAU,2025-07-06 08:00:00,2.0,MAKASSAR,0.6979575377167385
KM NGGAPULU,VOY_12_2025,15,MAKASSAR,2025-07-07 02:00:00,3.0,SURABAYA,0.427523379451177
KM NGGAPULU,VOY_12_2025,16,SURABAYA,2025-07-08 09:00:00,3.0,TANJUNG PRIOK,0.6485676806177887
KM NGGAPULU,VOY_12_2025,17,TANJUNG PRIOK,2025-07-09 14:00:00,0.0,,0.5169898658751488
KM NGGAPULU,VOY_13_2025,1,TANJUNG PRIOK,2025-07-09 14:00:00,19.0,SURABAYA,0.4435514418299636
KM NGGAPULU,VOY_13_2025,2,SURABAYA,2025-07-11 12:00:00,4.0,MAKASSAR,0.6294470295400227
KM NGGAPULU,VOY_13_2025,3,MAKASSAR,2025-07-12 21:00:00,4.0,BAU-BAU,0.4992798249189019
KM NGGAPULU,VOY_13_2025,4,BAU-BAU,2025-07-13 15:00:00,2.0,NAMLEA,0.5616380441185198
KM NGGAPULU,VOY_13_2025,5,NAMLEA,2025-07-14 16:00:00,2.0,AMBON,0.691013984242127
KM NGGAPULU,VOY_13_2025,6,AMBON,2025-07-15 00:00:00,4.0,TERNATE,0.5352581459375336
KM NGGAPULU,VOY_13_2025,7,TERNATE,2025-07-16 00:00:00,2.0,JAILOLO,0.8407654619387879
KM NGGAPULU,VOY_13_2025,8,JAILOLO,2025-07-16 04:00:00,2.0,BITUNG,0.45068149012987235
KM NGGAPULU,VOY_13_2025,9,BITUNG,2025-07-16 15:00:00,11.0,JAILOLO,0.18557973134241867
KM NGGAPULU,VOY_13_2025,10,JAILOLO,2025-07-17 12:00:00,2.0,TERNATE,0.7286844061628369
KM NGGAPULU,VOY_13_2025,11,TERNATE,2025-07-17 16:00:00,2.0,AMBON,0.42668765309432083
KM NGGAPULU,VOY_13_2025,12,AMBON,2025-07-18 14:00:00,3.0,NAMLEA,0.6078910019178577
KM NGGAPULU,VOY_13_2025,13,NAMLEA,2025-07-18 22:00:00,2.0,BAU-BAU,0.1549670007679958
KM NGGAPULU,VOY_13_2025,14,BAU-BAU,2025-07-19 22:00:00,2.0,MAKASSAR,0.2141849314763516
KM NGGAPULU,VOY_13_2025,15,MAKASSAR,2025-07-20 16:00:00,3.0,SURABAYA,0.6299731518942828
KM NGGAPULU,VOY_13_2025,16,SURABAYA,2025-07-21 23:00:00,3.0,TANJUNG PRIOK,0.569864264873666
KM NGGAPULU,VOY_13_2025,17,TANJUNG PRIOK,2025-07-23 04:00:00,0.0,,0.80830280359481
KM NGGAPULU,VOY_14_2025,1,TANJUNG PRIOK,2025-07-23 04:00:00,29.0,SURABAYA,0.435728657420825
KM NGGAPULU,VOY_14_2025,2,SURABAYA,2025-07-25 12:00:00,4.0,MAKASSAR,0.1463956495347853
KM NGGAPULU,VOY_14_2025,3,MAKASSAR,2025-07-26 21:00:00,4.0,BAU-BAU,0.2657251888726675
KM NGGAPULU,VOY_14_2025,4,BAU-BAU,2025-07-27 15:00:00,2.0,NAMLEA,0.2282167689616976
KM NGGAPULU,VOY_14_2025,5,NAMLEA,2025-07-28 16:00:00,2.0,AMBON,0.21005223972408432
KM NGGAPULU,VOY_14_2025,6,AMBON,2025-07-29 00:00:00,4.0,TERNATE,0.13829730566170412
KM NGGAPULU,VOY_14_2025,7,TERNATE,2025-07-30 00:00:00,2.0,JAILOLO,0.17301596377997058
KM NGGAPULU,VOY_14_2025,8,JAILOLO,2025-07-30 04:00:00,2.0,BITUNG,0.6502494771903757
KM NGGAPULU,VOY_14_2025,9,BITUNG,2025-07-30 15:00:00,7.0,JAILOLO,0.4993059776148516
KM NGGAPULU,VOY_14_2025,10,JAILOLO,2025-07-31 08:00:00,2.0,TERNATE,0.8200103284571288
KM NGGAPULU,VOY_14_2025,11,TERNATE,2025-07-31 12:00:00,2.0,AMBON,0.5747007808185983
KM NGGAPULU,VOY_14_2025,12,AMBON,2025-08-01 10:00:00,3.0,NAMLEA,0.7953161428904179
KM NGGAPULU,VOY_14_2025,13,NAMLEA,2025-08-01 18:00:00,2.0,BAU-BAU,0.5924792023089851
KM NGGAPULU,VOY_14_2025,14,BAU-BAU,2025-08-02 18:00:00,2.0,MAKASSAR,0.4750282963051031
KM NGGAPULU,VOY_14_2025,15,MAKASSAR,2025-08-03 12:00:00,3.0,SURABAYA,0.26602957814289785
KM NGGAPULU,VOY_14_2025,16,SURABAYA,2025-08-04 19:00:00,3.0,TANJUNG PRIOK,0.46759103943587504
KM NGGAPULU,VOY_14_2025,17,TANJUNG PRIOK,2025-08-06 00:00:00,0.0,,0.60708633461284
KM PANGRANGO,VOY_14_2025,1,AMBON,2025-07-03 15:00:00,25.0,BANDA,0.5391796492539368
KM PANGRANGO,VOY_14_2025,2,BANDA,2025-07-05 07:00:00,33.0,AMBON,0.16710922076409737
KM PANGRANGO,VOY_14_2025,3,AMBON,2025-07-07 07:00:00,13.0,NAMROLE,0.7182142090396421
KM PANGRANGO,VOY_14_2025,4,NAMROLE,2025-07-08 07:00:00,2.0,AMBON,0.10880261544930912
KM PANGRANGO,VOY_14_2025,5,AMBON,2025-07-08 20:00:00,4.0,BANDA,0.459838715772762
KM PANGRANGO,VOY_14_2025,6,BANDA,2025-07-09 15:00:00,2.0,SAUMLAKI,0.2412022561593019
KM PANGRANGO,VOY_14_2025,7,SAUMLAKI,2025-07-11 00:00:00,3.0,BANDA,0.7011399478050651
KM PANGRANGO,VOY_14_2025,8,BANDA,2025-07-12 07:00:00,2.0,AMBON,0.7460922801222785
KM PANGRANGO,VOY_14_2025,9,AMBON,2025-07-13 00:00:00,17.0,BANDA,0.5964033847607605
KM PANGRANGO,VOY_14_2025,10,BANDA,2025-07-14 08:00:00,2.0,SAUMLAKI,0.8516201372966055
KM PANGRANGO,VOY_14_2025,11,SAUMLAKI,2025-07-15 17:00:00,3.0,BANDA,0.6073929769804727
KM PANGRANGO,VOY_14_2025,12,BANDA,2025-07-17 00:00:00,2.0,AMBON,0.712509509060366
KM PANGRANGO,VOY_14_2025,13,AMBON,2025-07-17 17:00:00,0.0,,0.9466732584720751
KM PANGRANGO,VOY_15_2025,1,AMBON,2025-07-17 17:00:00,21.0,BANDA,0.8386514062443837
KM PANGRANGO,VOY_15_2025,2,BANDA,2025-07-19 05:00:00,35.0,AMBON,0.4714288177074145
KM PANGRANGO,VOY_15_2025,3,AMBON,2025-07-21 07:00:00,13.0,NAMROLE,0.46215093757349257
KM PANGRANGO,VOY_15_2025,4,NAMROLE,2025-07-22 07:00:00,2.0,AMBON,0.5409813892091222
KM PANGRANGO,VOY_15_2025,5,AMBON,2025-07-22 20:00:00,4.0,BANDA,0.5089608418351192
KM PANGRANGO,VOY_15_2025,6,BANDA,2025-07-23 15:00:00,2.0,SAUMLAKI,0.727831622954154
KM PANGRANGO,VOY_15_2025,7,SAUMLAKI,2025-07-25 00:00:00,3.0,BANDA,0.11850931432586642
KM PANGRANGO,VOY_15_2025,8,BANDA,2025-07-26 07:00:00,2.0,AMBON,0.2595750350475169
KM PANGRANGO,VOY_15_2025,9,AMBON,2025-07-27 00:00:00,17.0,BANDA,0.37483832710990445
KM PANGRANGO,VOY_15_2025,10,BANDA,2025-07-28 08:00:00,2.0,SAUMLAKI,0.2935081698605599
KM PANGRANGO,VOY_15_2025,11,SAUMLAKI,2025-07-29 17:00:00,3.0,BANDA,0.6445198196896971
KM PANGRANGO,VOY_15_2025,12,BANDA,2025-07-31 00:00:00,2.0,AMBON,0.43172198349183033
KM PANGRANGO,VOY_15_2025,13,AMBON,2025-07-31 17:00:00,0.0,,0.6738056064077237
KM SANGIANG,VOY_12_2025,1,BITUNG,2025-06-30 09:00:00,12.0,TERNATE,0.5318529197853998
KM SANGIANG,VOY_12_2025,2,TERNATE,2025-07-01 16:00:00,3.0,BACAN,0.6863300895748322
KM SANGIANG,VOY_12_2025,3,BACAN,2025-07-02 06:00:00,2.0,SANANA,0.7721049989449823
KM SANGIANG,VOY_12_2025,4,SANANA,2025-07-03 06:00:00,2.0,NAMLEA,0.4200940303159449
KM SANGIANG,VOY_12_2025,5,NAMLEA,2025-07-03 21:00:00,2.0,AMBON,0.551832971196065
KM SANGIANG,VOY_12_2025,6,AMBON,2025-07-04 09:00:00,3.0,BANDA,0.8651499409811352
KM SANGIANG,VOY_12_2025,7,BANDA,2025-07-05 04:00:00,2.0,GESER,0.3285359327208912
KM SANGIANG,VOY_12_2025,8,GESER,2025-07-05 15:00:00,2.0,FAK-FAK,0.027602879110878775
KM SANGIANG,VOY_12_2025,9,FAK-FAK,2025-07-06 04:00:00,6.0,GESER,0.2602162705911
KM SANGIANG,VOY_12_2025,10,GESER,2025-07-06 22:00:00,2.0,BANDA,0.7161911894100961
KM SANGIANG,VOY_12_2025,11,BANDA,2025-07-07 09:00:00,2.0,AMBON,0.23483056186243217
KM SANGIANG,VOY_12_2025,12,AMBON,2025-07-08 04:00:00,3.0,NAMLEA,0.3943356978087671
KM SANGIANG,VOY_12_2025,13,NAMLEA,2025-07-08 18:00:00,2.0,SANANA,0.4057223837854562
KM SANGIANG,VOY_12_2025,14,SANANA,2025-07-09 09:00:00,2.0,BACAN,0.23728286765724976
KM SANGIANG,VOY_12_2025,15,BACAN,2025-07-10 05:00:00,2.0,TERNATE,0.21319470155840353
KM SANGIANG,VOY_12_2025,16,TERNATE,2025-07-10 17:00:00,2.0,BITUNG,0.390249080280281
KM SANGIANG,VOY_12_2025,17,BITUNG,2025-07-11 12:00:00,0.0,,0.6859299421561782
KM SANGIANG,VOY_13_2025,1,BITUNG,2025-07-11 12:00:00,7.0,TERNATE,0.5029212341945576
KM SANGIANG,VOY_13_2025,2,TERNATE,2025-07-12 15:00:00,3.0,BACAN,0.622509175784356
KM SANGIANG,VOY_13_2025,3,BACAN,2025-07-13 07:00:00,2.0,SANANA,0.45309283870794104
KM SANGIANG,VOY_13_2025,4,SANANA,2025-07-14 08:00:00,2.0,NAMLEA,0.8921642551423263
KM SANGIANG,VOY_13_2025,5,NAMLEA,2025-07-15 00:00:00,1.0,AMBON,0.7547592147103488
KM SANGIANG,VOY_13_2025,6,AMBON,2025-07-15 11:00:00,4.0,BANDA,0.8408852303011628
KM SANGIANG,VOY_13_2025,7,BANDA,2025-07-16 07:00:00,2.0,GESER,0.23265984305521256
KM SANGIANG,VOY_13_2025,8,GESER,2025-07-16 19:00:00,2.0,FAK-FAK,0.3445577611940921
KM SANGIANG,VOY_13_2025,9,FAK-FAK,2025-07-17 09:00:00,7.0,GESER,0.4307693215497349
KM SANGIANG,VOY_13_2025,10,GESER,2025-07-18 05:00:00,2.0,BANDA,0.5948695497555654
KM SANGIANG,VOY_13_2025,11,BANDA,2025-07-18 17:00:00,2.0,AMBON,0.61383040278486
KM SANGIANG,VOY_13_2025,12,AMBON,2025-07-19 13:00:00,11.0,NAMLEA,0.6340226463509959
KM SANGIANG,VOY_13_2025,13,NAMLEA,2025-07-20 12:00:00,4.0,SANANA,0.4718906710197264
KM SANGIANG,VOY_13_2025,14,SANANA,2025-07-21 06:00:00,2.0,BACAN,0.7990933218484931
KM SANGIANG,VOY_13_2025,15,BACAN,2025-07-22 05:00:00,2.0,TERNATE,0.3838735617959972
KM SANGIANG,VOY_13_2025,16,TERNATE,2025-07-22 19:00:00,2.0,BITUNG,0.28180588406515583
KM SANGIANG,VOY_13_2025,17,BITUNG,2025-07-23 17:00:00,0.0,,0.39287231277002876
KM SINABUNG,VOY_10_2025,1,SURABAYA,2025-06-22 20:00:00,18.0,MAKASSAR,0.49267893603258744
KM SINABUNG,VOY_10_2025,2,MAKASSAR,2025-06-24 21:00:00,3.0,BAU-BAU,0.5604701400281487
KM SINABUNG,VOY_10_2025,3,BAU-BAU,2025-06-25 15:00:00,3.0,BANGGAI,0.7555323086594874
KM SINABUNG,VOY_10_2025,4,BANGGAI,2025-06-26 11:00:00,1.0,BITUNG,0.3700473877522113
KM SINABUNG,VOY_10_2025,5,BITUNG,2025-06-27 03:00:00,3.0,TERNATE,0.3461448568564104
KM SINABUNG,VOY_10_2025,6,TERNATE,2025-06-27 16:00:00,2.0,BACAN,0.7038502381200094
KM SINABUNG,VOY_10_2025,7,BACAN,2025-06-28 00:00:00,1.0,SORONG,0.1744359158344048
KM SINABUNG,VOY_10_2025,8,SORONG,2025-06-28 17:00:00,3.0,MANOKWARI,0.449581044222741
KM SINABUNG,VOY_10_2025,9,MANOKWARI,2025-06-29 10:00:00,2.0,NABIRE,0.4112005560046744
KM SINABUNG,VOY_10_2025,10,NABIRE,2025-06-29 22:00:00,2.0,BIAK,0.16566051868921516
KM SINABUNG,VOY_10_2025,11,BIAK,2025-06-30 09:00:00,2.0,JAYAPURA,0.37775158421867694
KM SINABUNG,VOY_10_2025,12,JAYAPURA,2025-07-01 07:00:00,6.0,BIAK,0.668191103353986
KM SINABUNG,VOY_10_2025,13,BIAK,2025-07-02 10:00:00,2.0,NABIRE,0.6646930728186827
KM SINABUNG,VOY_10_2025,14,NABIRE,2025-07-02 22:00:00,2.0,MANOKWARI,0.35915233455099216
KM SINABUNG,VOY_10_2025,15,MANOKWARI,2025-07-03 10:00:00,2.0,SORONG,0.2826972719391022
KM SINABUNG,VOY_10_2025,16,SORONG,2025-07-04 02:00:00,2.0,BACAN,0.5172997306493952
KM SINABUNG,VOY_10_2025,17,BACAN,2025-07-04 20:00:00,1.0,TERNATE,0.5765337958557385
KM SINABUNG,VOY_10_2025,18,TERNATE,2025-07-05 04:00:00,2.0,BITUNG,0.3782612995530599
KM SINABUNG,VOY_10_2025,19,BITUNG,2025-07-05 16:00:00,2.0,BANGGAI,0.7550964543199085
KM SINABUNG,VOY_10_2025,20,BANGGAI,2025-07-06 09:00:00,2.0,BAU-BAU,0.5538974668491342
KM SINABUNG,VOY_10_2025,21,BAU-BAU,2025-07-07 03:00:00,2.0,MAKASSAR,0.6721659986395299
KM SINABUNG,VOY_10_2025,22,MAKASSAR,2025-07-07 20:00:00,2.0,SURABAYA,0.4718588219064407
KM SINABUNG,VOY_10_2025,23,SURABAYA,2025-07-09 02:00:00,0.0,,0.6417802788044251
KM SINABUNG,VOY_11_2025,1,SURABAYA,2025-07-09 02:00:00,14.0,MAKASSAR,0.28066796281621564
KM SINABUNG,VOY_11_2025,2,MAKASSAR,2025-07-10 23:00:00,3.0,BAU-BAU,0.7658614760181155
KM SINABUNG,VOY_11_2025,3,BAU-BAU,2025-07-11 17:00:00,3.0,BANGGAI,0.47545341532034574
KM SINABUNG,VOY_11_2025,4,BANGGAI,2025-07-12 13:00:00,1.0,BITUNG,0.49488746874130835
KM SINABUNG,VOY_11_2025,5,BITUNG,2025-07-13 05:00:00,3.0,TERNATE,0.43409996304457654
KM SINABUNG,VOY_11_2025,6,TERNATE,2025-07-13 18:00:00,2.0,BACAN,0.5724116384104626
KM SINABUNG,VOY_11_2025,7,BACAN,2025-07-14 02:00:00,1.0,SORONG,0.7415510975788777
KM SINABUNG,VOY_11_2025,8,SORONG,2025-07-14 19:00:00,3.0,MANOKWARI,0.6065976797929026
KM SINABUNG,VOY_11_2025,9,MANOKWARI,2025-07-15 12:00:00,2.0,NABIRE,0.2380281418078484
KM SINABUNG,VOY_11_2025,10,NABIRE,2025-07-16 00:00:00,2.0,BIAK,0.6305629197209444
KM SINABUNG,VOY_11_2025,11,BIAK,2025-07-16 11:00:00,2.0,JAYAPURA,0.6276800346998131
KM SINABUNG,VOY_11_2025,12,JAYAPURA,2025-07-17 09:00:00,5.0,BIAK,0.3639951824819521
KM SINABUNG,VOY_11_2025,13,BIAK,2025-07-18 11:00:00,2.0,NABIRE,0.5762465461236391
KM SINABUNG,VOY_11_2025,14,NABIRE,2025-07-18 23:00:00,2.0,MANOKWARI,0.5027375434270682
KM SINABUNG,VOY_11_2025,15,MANOKWARI,2025-07-19 11:00:00,2.0,SORONG,0.460586703250553
KM SINABUNG,VOY_11_2025,16,SORONG,2025-07-20 03:00:00,2.0,BACAN,0.609637455152451
KM SINABUNG,VOY_11_2025,17,BACAN,2025-07-20 21:00:00,1.0,TERNATE,0.44385659739534256
KM SINABUNG,VOY_11_2025,18,TERNATE,2025-07-21 05:00:00,2.0,BITUNG,0.3601595478134943
KM SINABUNG,VOY_11_2025,19,BITUNG,2025-07-21 17:00:00,3.0,BANGGAI,0.3963471245155642
KM SINABUNG,VOY_11_2025,20,BANGGAI,2025-07-22 11:00:00,2.0,BAU-BAU,0.20178907166956553
KM SINABUNG,VOY_11_2025,21,BAU-BAU,2025-07-23 05:00:00,2.0,MAKASSAR,0.2626391041484851
KM SINABUNG,VOY_11_2025,22,MAKASSAR,2025-07-23 22:00:00,2.0,SURABAYA,0.4280578689996667
KM SINABUNG,VOY_11_2025,23,SURABAYA,2025-07-25 04:00:00,0.0,,0.6213983955824206
KM TIDAR,VOY_14_2025,1,KIJANG,2025-07-03 07:00:00,3.0,TANJUNG PRIOK,0.44930212032750116
KM TIDAR,VOY_14_2025,2,TANJUNG PRIOK,2025-07-04 20:00:00,5.0,SURABAYA,0.5837121460630389
KM TIDAR,VOY_14_2025,3,SURABAYA,2025-07-06 06:00:00,2.0,MAKASSAR,0.6287345183220172
KM TIDAR,VOY_14_2025,4,MAKASSAR,2025-07-07 15:00:00,3.0,BAU-BAU,0.6102010527876945
KM TIDAR,VOY_14_2025,5,BAU-BAU,2025-07-08 10:00:00,2.0,MAUMERE,0.5991737683254675
KM TIDAR,VOY_14_2025,6,MAUMERE,2025-07-09 02:00:00,2.0,LARANTUKA,0.8078851595097525
KM TIDAR,VOY_14_2025,7,LARANTUKA,2025-07-09 10:00:00,1.0,LEWOLEBA,0.5164522858626615
KM TIDAR,VOY_14_2025,8,LEWOLEBA,2025-07-09 13:00:00,1.0,KUPANG,0.5794675238509635
KM TIDAR,VOY_14_2025,9,KUPANG,2025-07-09 22:00:00,4.0,LEWOLEBA,0.2887784090745695
KM TIDAR,VOY_14_2025,10,LEWOLEBA,2025-07-10 10:00:00,1.0,LARANTUKA,0.7262176998471761
KM TIDAR,VOY_14_2025,11,LARANTUKA,2025-07-10 14:00:00,2.0,MAUMERE,0.5641258916532301
KM TIDAR,VOY_14_2025,12,MAUMERE,2025-07-10 22:00:00,2.0,BAU-BAU,0.5993011905561378
KM TIDAR,VOY_14_2025,13,BAU-BAU,2025-07-11 13:00:00,2.0,MAKASSAR,0.5118137220952292
KM TIDAR,VOY_14_2025,14,MAKASSAR,2025-07-12 08:00:00,4.0,SURABAYA,0.8473385238263493
KM TIDAR,VOY_14_2025,15,SURABAYA,2025-07-13 19:00:00,2.0,TANJUNG PRIOK,0.7015702979607766
KM TIDAR,VOY_14_2025,16,TANJUNG PRIOK,2025-07-15 02:00:00,2.0,KIJANG,0.6033279441198882
KM TIDAR,VOY_14_2025,17,KIJANG,2025-07-16 14:00:00,0.0,,0.5112186721723979
KM TIDAR,VOY_15_2025,1,KIJANG,2025-07-16 14:00:00,3.0,TANJUNG PRIOK,0.8360996755123602
KM TIDAR,VOY_15_2025,2,TANJUNG PRIOK,2025-07-18 03:00:00,6.0,SURABAYA,0.6098454985335111
KM TIDAR,VOY_15_2025,3,SURABAYA,2025-07-19 14:00:00,3.0,MAKASSAR,0.1298596175872253
KM TIDAR,VOY_15_2025,4,MAKASSAR,2025-07-21 00:00:00,3.0,BAU-BAU,0.37657884487923815
KM TIDAR,VOY_15_2025,5,BAU-BAU,2025-07-21 19:00:00,3.0,MAUMERE,0.1282926308020934
KM TIDAR,VOY_15_2025,6,MAUMERE,2025-07-22 12:00:00,2.0,LARANTUKA,0.5643557390535859
KM TIDAR,VOY_15_2025,7,LARANTUKA,2025-07-22 20:00:00,2.0,LEWOLEBA,0.8285362260531269
KM TIDAR,VOY_15_2025,8,LEWOLEBA,2025-07-23 01:00:00,2.0,KUPANG,0.8519033981542649
KM TIDAR,VOY_15_2025,9,KUPANG,2025-07-23 11:00:00,4.0,LEWOLEBA,0.4090983642035937
KM TIDAR,VOY_15_2025,10,LEWOLEBA,2025-07-23 23:00:00,2.0,LARANTUKA,0.5163746013029484
KM TIDAR,VOY_15_2025,11,LARANTUKA,2025-07-24 04:00:00,2.0,MAUMERE,0.4013948674836497
KM TIDAR,VOY_15_2025,12,MAUMERE,2025-07-24 12:00:00,2.0,BAU-BAU,0.5672681512132021
KM TIDAR,VOY_15_2025,13,BAU-BAU,2025-07-25 03:00:00,3.0,MAKASSAR,0.12710548385111264
KM TIDAR,VOY_15_2025,14,MAKASSAR,2025-08-07 19:00:00,4.0,SURABAYA,0.4959011094385907
KM TIDAR,VOY_15_2025,15,SURABAYA,2025-08-09 06:00:00,2.0,TANJUNG PRIOK,0.40891704875010304
KM TIDAR,VOY_15_2025,16,TANJUNG PRIOK,2025-08-10 13:00:00,2.0,KIJANG,0.659058246563771
KM TIDAR,VOY_15_2025,17,KIJANG,2025-08-12 01:00:00,0.0,,0.45373458976286557
KM WILIS,VOY_14_2025,1,BATULICIN,2025-07-01 15:00:00,29.0,MAKASSAR,0.44770821818571865
KM WILIS,VOY_14_2025,2,MAKASSAR,2025-07-04 02:00:00,6.0,LABUAN BAJO,0.35386448896872547
KM WILIS,VOY_14_2025,3,LABUAN BAJO,2025-07-05 08:00:00,1.0,BIMA,0.46387278146253635
KM WILIS,VOY_14_2025,4,BIMA,2025-07-05 18:00:00,1.0,WAIKELO,0.3020965676550948
KM WILIS,VOY_14_2025,5,WAIKELO,2025-07-06 06:00:00,1.0,WAINGAPU,0.3898355194497859
KM WILIS,VOY_14_2025,6,WAINGAPU,2025-07-06 16:00:00,4.0,ENDE,0.5497037873957892
KM WILIS,VOY_14_2025,7,ENDE,2025-07-07 07:00:00,2.0,KUPANG,0.12398566463360916
KM WILIS,VOY_14_2025,8,KUPANG,2025-07-08 01:00:00,8.0,KALABAHI,0.3172675504144271
KM WILIS,VOY_14_2025,9,KALABAHI,2025-07-09 02:00:00,12.0,KUPANG,0.5016871928408955
KM WILIS,VOY_14_2025,10,KUPANG,2025-07-10 06:00:00,8.0,ENDE,0.37769580492119437
KM WILIS,VOY_14_2025,11,ENDE,2025-07-11 06:00:00,2.0,WAINGAPU,0.5711098313782474
KM WILIS,VOY_14_2025,12,WAINGAPU,2025-07-11 19:00:00,2.0,WAIKELO,0.2939006443099045
KM WILIS,VOY_14_2025,13,WAIKELO,2025-07-12 06:00:00,1.0,BIMA,0.5087051992410447
KM WILIS,VOY_14_2025,14,BIMA,2025-07-12 18:00:00,2.0,LABUAN BAJO,0.38049578454265665
KM WILIS,VOY_14_2025,15,LABUAN BAJO,2025-07-13 05:00:00,1.0,MAKASSAR,0.751560838426127
KM WILIS,VOY_14_2025,16,MAKASSAR,2025-07-14 06:00:00,3.0,BATULICIN,0.5068670245434358
KM WILIS,VOY_14_2025,17,BATULICIN,2025-07-15 15:00:00,0.0,,0.6755726823052187
KM WILIS,VOY_15_2025,1,BATULICIN,2025-07-15 15:00:00,29.0,MAKASSAR,0.2966099621004072
KM WILIS,VOY_15_2025,2,MAKASSAR,2025-07-18 02:00:00,6.0,LABUAN BAJO,0.688561303143395
KM WILIS,VOY_15_2025,3,LABUAN BAJO,2025-07-19 08:00:00,1.0,BIMA,0.33617353093363717
KM WILIS,VOY_15_2025,4,BIMA,2025-07-19 18:00:00,1.0,WAIKELO,0.5574209345715164
KM WILIS,VOY_15_2025,5,WAIKELO,2025-07-20 06:00:00,1.0,WAINGAPU,0.5408176938171576
KM WILIS,VOY_15_2025,6,WAINGAPU,2025-07-20 16:00:00,4.0,ENDE,0.18154597647895812
KM WILIS,VOY_15_2025,7,ENDE,2025-07-21 07:00:00,2.0,KUPANG,0.16842190434173648
KM WILIS,VOY_15_2025,8,KUPANG,2025-07-22 01:00:00,8.0,KALABAHI,0.5204550802322024
KM WILIS,VOY_15_2025,9,KALABAHI,2025-07-23 02:00:00,12.0,KUPANG,0.4951175991699544
KM WILIS,VOY_15_2025,10,KUPANG,2025-07-24 06:00:00,8.0,ENDE,0.7137961023590267
KM WILIS,VOY_15_2025,11,ENDE,2025-07-25 06:00:00,2.0,WAINGAPU,0.3065523422418285
KM WILIS,VOY_15_2025,12,WAINGAPU,2025-07-25 19:00:00,2.0,WAIKELO,0.4730359223023992
KM WILIS,VOY_15_2025,13,WAIKELO,2025-07-26 06:00:00,1.0,BIMA,0.37691121483903733
KM WILIS,VOY_15_2025,14,BIMA,2025-07-26 18:00:00,2.0,LABUAN BAJO,0.2784992261282907
KM WILIS,VOY_15_2025,15,LABUAN BAJO,2025-07-27 05:00:00,1.0,MAKASSAR,0.5207150460469618
KM WILIS,VOY_15_2025,16,MAKASSAR,2025-07-28 06:00:00,3.0,BATULICIN,0.3343123042614692
KM WILIS,VOY_15_2025,17,BATULICIN,2025-07-29 15:00:00,0.0,,0.38091295856705815
KM BINAIYA,VOY_12_2025,1,BENOA,2025-07-04 09:00:00,5.0,BIMA,0.4832411146500057
KM BINAIYA,VOY_12_2025,2,BIMA,2025-07-05 13:00:00,2.0,LABUAN BAJO,0.6178726227932745
KM BINAIYA,VOY_12_2025,3,LABUAN BAJO,2025-07-05 23:00:00,2.0,MAKASSAR,0.656462260270928
KM BINAIYA,VOY_12_2025,4,MAKASSAR,2025-07-06 20:00:00,6.0,AWERANGE,0.39380717804108045
KM BINAIYA,VOY_12_2025,5,AWERANGE,2025-07-07 08:00:00,2.0,BONTANG,0.5877957311819167
KM BINAIYA,VOY_12_2025,6,BONTANG,2025-07-08 13:00:00,3.0,PARE-PARE,0.6002484239712151
KM BINAIYA,VOY_12_2025,7,PARE-PARE,2025-07-09 19:00:00,2.0,BONTANG,0.1919253718350145
KM BINAIYA,VOY_12_2025,8,BONTANG,2025-07-11 00:00:00,3.0,AWERANGE,0.8718181690506145
KM BINAIYA,VOY_12_2025,9,AWERANGE,2025-07-12 06:00:00,2.0,MAKASSAR,0.4832347032294052
KM BINAIYA,VOY_12_2025,10,MAKASSAR,2025-07-12 14:00:00,4.0,LABUAN BAJO,0.3241237017078361
KM BINAIYA,VOY_12_2025,11,LABUAN BAJO,2025-07-13 13:00:00,2.0,BIMA,0.6629032485248504
KM BINAIYA,VOY_12_2025,12,BIMA,2025-07-13 23:00:00,1.0,BENOA,0.3533351797314038
KM BINAIYA,VOY_12_2025,13,BENOA,2025-07-14 23:00:00,8.0,LABUAN BAJO,0.426881400630958
KM BINAIYA,VOY_12_2025,14,LABUAN BAJO,2025-07-16 10:00:00,3.0,BENOA,0.307908465937487
KM BINAIYA,VOY_12_2025,15,BENOA,2025-07-17 16:00:00,0.0,,0.2984859828459321
KM BINAIYA,VOY_13_2025,1,BENOA,2025-07-17 16:00:00,15.0,BIMA,0.20950401176147004
KM BINAIYA,VOY_13_2025,2,BIMA,2025-07-19 06:00:00,2.0,LABUAN BAJO,0.46367301530257454
KM BINAIYA,VOY_13_2025,3,LABUAN BAJO,2025-07-19 16:00:00,2.0,MAKASSAR,0.6682818090970636
KM BINAIYA,VOY_13_2025,4,MAKASSAR,2025-07-20 13:00:00,5.0,PARE-PARE,0.34152885020445833
KM BINAIYA,VOY_13_2025,5,PARE-PARE,2025-07-21 01:00:00,2.0,BONTANG,0.5350818064496794
KM BINAIYA,VOY_13_2025,6,BONTANG,2025-07-22 06:00:00,3.0,PARE-PARE,0.4638780729241131
KM BINAIYA,VOY_13_2025,7,PARE-PARE,2025-07-23 12:00:00,2.0,MAKASSAR,0.6944354521324688
KM BINAIYA,VOY_13_2025,8,MAKASSAR,2025-07-23 21:00:00,5.0,LABUAN BAJO,0.18544496310038083
KM BINAIYA,VOY_13_2025,9,LABUAN BAJO,2025-07-24 22:00:00,2.0,BIMA,0.504880183871675
KM BINAIYA,VOY_13_2025,10,BIMA,2025-07-25 08:00:00,1.0,BENOA,0.5255911283723437
KM BINAIYA,VOY_13_2025,11,BENOA,2025-07-26 08:00:00,4.0,BIMA,0.44624692125755266
KM BINAIYA,VOY_13_2025,12,BIMA,2025-07-27 11:00:00,3.0,WAINGAPU,0.2034805597923438
KM BINAIYA,VOY_13_2025,13,WAINGAPU,2025-07-28 04:00:00,2.0,ENDE,0.3426939261382438
KM BINAIYA,VOY_13_2025,14,ENDE,2025-07-28 15:00:00,2.0,KUPANG,0.5217517489984572
KM BINAIYA,VOY_13_2025,15,KUPANG,2025-07-29 06:00:00,4.0,ENDE,0.594183076336539
KM BINAIYA,VOY_13_2025,16,ENDE,2025-07-29 23:00:00,2.0,WAINGAPU,0.6003937710749363
KM BINAIYA,VOY_13_2025,17,WAINGAPU,2025-07-30 10:00:00,2.0,BIMA,0.32879051050238983
KM BINAIYA,VOY_13_2025,18,BIMA,2025-07-31 02:00:00,1.0,BENOA,0.07372615942212146
KM BINAIYA,VOY_13_2025,19,BENOA,2025-08-01 02:00:00,0.0,,0.46512272185262055
KM BK SIGUNTANG,VOY_13_2025,1,MAKASSAR,2025-07-03 14:00:00,16.0,MAUMERE,0.3946430940275182
KM BK SIGUNTANG,VOY_13_2025,2,MAUMERE,2025-07-05 00:00:00,3.0,LEWOLEBA,0.5492852466262026
KM BK SIGUNTANG,VOY_13_2025,3,LEWOLEBA,2025-07-05 09:00:00,3.0,KUPANG,0.35396351501226375
KM BK SIGUNTANG,VOY_13_2025,4,KUPANG,2025-07-05 19:00:00,4.0,LEWOLEBA,0.3671255736129234
KM BK SIGUNTANG,VOY_13_2025,5,LEWOLEBA,2025-07-06 06:00:00,2.0,MAUMERE,0.506587472450846
KM BK SIGUNTANG,VOY_13_2025,6,MAUMERE,2025-07-06 14:00:00,2.0,BAU-BAU,0.4904525167671995
KM BK SIGUNTANG,VOY_13_2025,7,BAU-BAU,2025-07-07 06:00:00,2.0,MAKASSAR,0.6533321656890151
KM BK SIGUNTANG,VOY_13_2025,8,MAKASSAR,2025-07-08 00:00:00,5.0,PARE-PARE,0.6745361866794811
KM BK SIGUNTANG,VOY_13_2025,9,PARE-PARE,2025-07-08 10:00:00,4.0,BALIKPAPAN,0.7145395289129403
KM BK SIGUNTANG,VOY_13_2025,10,BALIKPAPAN,2025-07-09 06:00:00,2.0,TARAKAN,0.6177716752598816
KM BK SIGUNTANG,VOY_13_2025,11,TARAKAN,2025-07-10 08:00:00,4.0,NUNUKAN,0.5529882512736156
KM BK SIGUNTANG,VOY_13_2025,12,NUNUKAN,2025-07-10 18:00:00,2.0,BALIKPAPAN,0.16657161654859132
KM BK SIGUNTANG,VOY_13_2025,13,BALIKPAPAN,2025-07-11 23:00:00,2.0,PARE-PARE,0.34655847043498533
KM BK SIGUNTANG,VOY_13_2025,14,PARE-PARE,2025-07-12 17:00:00,4.0,MAKASSAR,0.5163002557791097
KM BK SIGUNTANG,VOY_13_2025,15,MAKASSAR,2025-07-13 02:00:00,0.0,,0.49080751916859994
KM BK SIGUNTANG,VOY_14_2025,1,MAKASSAR,2025-07-13 02:00:00,10.0,PARE-PARE,0.42363721417149236
KM BK SIGUNTANG,VOY_14_2025,2,PARE-PARE,2025-07-13 17:00:00,3.0,BALIKPAPAN,0.3292889527014935
KM BK SIGUNTANG,VOY_14_2025,3,BALIKPAPAN,2025-07-14 11:00:00,2.0,TARAKAN,0.4122424314242846
KM BK SIGUNTANG,VOY_14_2025,4,TARAKAN,2025-07-15 14:00:00,4.0,NUNUKAN,0.40645805541643965
KM BK SIGUNTANG,VOY_14_2025,5,NUNUKAN,2025-07-16 00:00:00,2.0,BALIKPAPAN,0.5185540029678728
KM BK SIGUNTANG,VOY_14_2025,6,BALIKPAPAN,2025-07-17 05:00:00,2.0,PARE-PARE,0.4770637342253474
KM BK SIGUNTANG,VOY_14_2025,7,PARE-PARE,2025-07-17 22:00:00,3.0,MAKASSAR,0.7038114700272577
KM BK SIGUNTANG,VOY_14_2025,8,MAKASSAR,2025-07-18 06:00:00,5.0,MAUMERE,0.34032992085402003
KM BK SIGUNTANG,VOY_14_2025,9,MAUMERE,2025-07-19 05:00:00,2.0,LEWOLEBA,0.44728464082516844
KM BK SIGUNTANG,VOY_14_2025,10,LEWOLEBA,2025-07-19 13:00:00,2.0,KUPANG,0.408337832277209
KM BK SIGUNTANG,VOY_14_2025,11,KUPANG,2025-07-19 22:00:00,4.0,LEWOLEBA,0.7205203215816531
KM BK SIGUNTANG,VOY_14_2025,12,LEWOLEBA,2025-07-20 09:00:00,2.0,MAUMERE,0.5848721543665328
KM BK SIGUNTANG,VOY_14_2025,13,MAUMERE,2025-07-20 17:00:00,2.0,MAKASSAR,0.5375393788755557
KM BK SIGUNTANG,VOY_14_2025,14,MAKASSAR,2025-07-21 13:00:00,5.0,PARE-PARE,0.8632289470782701
KM BK SIGUNTANG,VOY_14_2025,15,PARE-PARE,2025-07-21 23:00:00,3.0,BALIKPAPAN,0.10897112745338058
KM BK SIGUNTANG,VOY_14_2025,16,BALIKPAPAN,2025-07-22 18:00:00,2.0,TARAKAN,0.5058019979274158
KM BK SIGUNTANG,VOY_14_2025,17,TARAKAN,2025-07-23 20:00:00,4.0,NUNUKAN,0.6711971623415393
KM BK SIGUNTANG,VOY_14_2025,18,NUNUKAN,2025-07-24 06:00:00,2.0,BALIKPAPAN,0.7007493658303031
KM BK SIGUNTANG,VOY_14_2025,19,BALIKPAPAN,2025-07-25 11:00:00,2.0,PARE-PARE,0.7609389928213074
KM BK SIGUNTANG,VOY_14_2025,20,PARE-PARE,2025-07-26 05:00:00,3.0,MAKASSAR,0.5355589344353858
KM BK SIGUNTANG,VOY_14_2025,21,MAKASSAR,2025-07-26 13:00:00,0.0,,0.699672205072986
KM CIREMAI,VOY_12_2025,1,TANJUNG PRIOK,2025-06-28 01:00:00,14.0,SURABAYA,0.41106647117446815
KM CIREMAI,VOY_12_2025,2,SURABAYA,2025-06-29 17:00:00,4.0,MAKASSAR,0.6193507435225222
KM CIREMAI,VOY_12_2025,3,MAKASSAR,2025-07-01 03:00:00,4.0,BAU-BAU,0.5001177776604594
KM CIREMAI,VOY_12_2025,4,BAU-BAU,2025-07-01 23:00:00,2.0,AMBON,0.23380914497351896
KM CIREMAI,VOY_12_2025,5,AMBON,2025-07-03 03:00:00,3.0,SORONG,0.29997300972987234
KM CIREMAI,VOY_12_2025,6,SORONG,2025-07-04 04:00:00,2.0,NABIRE,0.34502996750275183
KM CIREMAI,VOY_12_2025,7,NABIRE,2025-07-05 07:00:00,2.0,SERUI,0.6419564155574002
KM CIREMAI,VOY_12_2025,8,SERUI,2025-07-05 16:00:00,2.0,JAYAPURA,0.525911445164269
KM CIREMAI,VOY_12_2025,9,JAYAPURA,2025-07-06 14:00:00,6.0,SERUI,0.3034601587236438
KM CIREMAI,VOY_12_2025,10,SERUI,2025-07-07 15:00:00,2.0,NABIRE,0.32185792609878333
KM CIREMAI,VOY_12_2025,11,NABIRE,2025-07-07 23:00:00,2.0,SORONG,0.5028231507745224
KM CIREMAI,VOY_12_2025,12,SORONG,2025-07-09 02:00:00,2.0,AMBON,0.2635050391970963
KM CIREMAI,VOY_12_2025,13,AMBON,2025-07-10 02:00:00,3.0,BAU-BAU,0.5770967312447055
KM CIREMAI,VOY_12_2025,14,BAU-BAU,2025-07-11 06:00:00,3.0,MAKASSAR,0.43068430010060427
KM CIREMAI,VOY_12_2025,15,MAKASSAR,2025-07-12 01:00:00,3.0,SURABAYA,0.5421290820396122
KM CIREMAI,VOY_12_2025,16,SURABAYA,2025-07-13 09:00:00,2.0,TANJUNG PRIOK,0.7853206291415326
KM CIREMAI,VOY_12_2025,17,TANJUNG PRIOK,2025-07-14 14:00:00,0.0,,0.6263781103589638
KM CIREMAI,VOY_13_2025,1,TANJUNG PRIOK,2025-07-14 14:00:00,14.0,SURABAYA,0.5039490610726235
KM CIREMAI,VOY_13_2025,2,SURABAYA,2025-07-16 06:00:00,4.0,MAKASSAR,0.4906391848178628
KM CIREMAI,VOY_13_2025,3,MAKASSAR,2025-07-17 16:00:00,4.0,BAU-BAU,0.44775215449524286
KM CIREMAI,VOY_13_2025,4,BAU-BAU,2025-07-18 12:00:00,2.0,AMBON,0.7234613231785019
KM CIREMAI,VOY_13_2025,5,AMBON,2025-07-19 16:00:00,3.0,SORONG,0.5541438261705912
KM CIREMAI,VOY_13_2025,6,SORONG,2025-07-20 17:00:00,2.0,NABIRE,0.4536988200504176
KM CIREMAI,VOY_13_2025,7,NABIRE,2025-07-21 20:00:00,2.0,SERUI,0.34700181297374133
KM CIREMAI,VOY_13_2025,8,SERUI,2025-07-22 05:00:00,2.0,JAYAPURA,0.39269662373568787
KM CIREMAI,VOY_13_2025,9,JAYAPURA,2025-07-23 03:00:00,6.0,SERUI,0.7096379752890747
KM CIREMAI,VOY_13_2025,10,SERUI,2025-07-24 05:00:00,2.0,NABIRE,0.545598085289453
KM CIREMAI,VOY_13_2025,11,NABIRE,2025-07-24 13:00:00,3.0,SORONG,0.6988432281661497
KM CIREMAI,VOY_13_2025,12,SORONG,2025-07-25 17:00:00,2.0,AMBON,0.5776698719336917
KM CIREMAI,VOY_13_2025,13,AMBON,2025-07-26 17:00:00,3.0,BAU-BAU,0.6435671479203477
KM CIREMAI,VOY_13_2025,14,BAU-BAU,2025-07-27 21:00:00,3.0,MAKASSAR,0.40015633999136324
KM CIREMAI,VOY_13_2025,15,MAKASSAR,2025-07-28 16:00:00,3.0,SURABAYA,0.5444355415428346
KM CIREMAI,VOY_13_2025,16,SURABAYA,2025-07-30 00:00:00,2.0,TANJUNG PRIOK,0.46988303002574294
KM CIREMAI,VOY_13_2025,17,TANJUNG PRIOK,2025-07-31 05:00:00,0.0,,0.4151214536268774
KM DOBONSOLO,VOY_11_2025,1,TANJUNG PRIOK,2025-07-07 11:00:00,10.0,SURABAYA,0.5110266028194178
KM DOBONSOLO,VOY_11_2025,2,SURABAYA,2025-07-08 23:00:00,3.0,MAKASSAR,0.6387416679072957
KM DOBONSOLO,VOY_11_2025,3,MAKASSAR,2025-07-10 08:00:00,3.0,BAU-BAU,0.5151112942479853
KM DOBONSOLO,VOY_11_2025,4,BAU-BAU,2025-07-11 03:00:00,2.0,SORONG,0.5770341334689358
KM DOBONSOLO,VOY_11_2025,5,SORONG,2025-07-12 22:00:00,3.0,MANOKWARI,0.42429895937009
KM DOBONSOLO,VOY_11_2025,6,MANOKWARI,2025-07-13 15:00:00,2.0,SORONG,0.5182625924416282
KM DOBONSOLO,VOY_11_2025,7,SORONG,2025-07-14 07:00:00,3.0,BAU-BAU,0.20179008529068698
KM DOBONSOLO,VOY_11_2025,8,BAU-BAU,2025-07-16 02:00:00,2.0,MAKASSAR,0.4234896797295528
KM DOBONSOLO,VOY_11_2025,9,MAKASSAR,2025-07-16 19:00:00,3.0,SURABAYA,0.7708221429396296
KM DOBONSOLO,VOY_11_2025,10,SURABAYA,2025-07-18 01:00:00,2.0,TANJUNG PRIOK,0.23056237309254607
KM DOBONSOLO,VOY_11_2025,11,TANJUNG PRIOK,2025-07-19 05:00:00,0.0,,0.529945202014853
KM DOBONSOLO,VOY_12_2025,1,TANJUNG PRIOK,2025-07-19 05:00:00,11.0,SURABAYA,0.5256104043486162
KM DOBONSOLO,VOY_12_2025,2,SURABAYA,2025-07-20 18:00:00,3.0,MAKASSAR,0.4239587527039185
KM DOBONSOLO,VOY_12_2025,3,MAKASSAR,2025-07-22 02:00:00,4.0,BAU-BAU,0.4648021962230661
KM DOBONSOLO,VOY_12_2025,4,BAU-BAU,2025-07-22 21:00:00,2.0,SORONG,0.7485212935958192
KM DOBONSOLO,VOY_12_2025,5,SORONG,2025-07-24 16:00:00,3.0,MANOKWARI,0.33881881827327354
KM DOBONSOLO,VOY_12_2025,6,MANOKWARI,2025-07-25 09:00:00,2.0,NABIRE,0.4824332510808727
KM DOBONSOLO,VOY_12_2025,7,NABIRE,2025-07-25 22:00:00,2.0,BIAK,0.5287577626687697
KM DOBONSOLO,VOY_12_2025,8,BIAK,2025-07-26 09:00:00,2.0,JAYAPURA,0.41158723764828264
KM DOBONSOLO,VOY_12_2025,9,JAYAPURA,2025-07-27 07:00:00,6.0,BIAK,0.42884424307073266
KM DOBONSOLO,VOY_12_2025,10,BIAK,2025-07-28 08:00:00,2.0,NABIRE,0.48985518288354485
KM DOBONSOLO,VOY_12_2025,11,NABIRE,2025-07-28 20:00:00,2.0,MANOKWARI,0.4231912815407348
KM DOBONSOLO,VOY_12_2025,12,MANOKWARI,2025-07-29 09:00:00,2.0,SORONG,0.5101986444969746
KM DOBONSOLO,VOY_12_2025,13,SORONG,2025-07-30 00:00:00,3.0,BAU-BAU,0.6332935862843804
KM DOBONSOLO,VOY_12_2025,14,BAU-BAU,2025-07-31 17:00:00,2.0,MAKASSAR,0.2632554488121355
KM DOBONSOLO,VOY_12_2025,15,MAKASSAR,2025-08-01 10:00:00,3.0,SURABAYA,0.3427757089598617
KM DOBONSOLO,VOY_12_2025,16,SURABAYA,2025-08-02 16:00:00,2.0,TANJUNG PRIOK,0.6011476158351002
KM DOBONSOLO,VOY_12_2025,17,TANJUNG PRIOK,2025-08-03 20:00:00,0.0,,0.2633993034221874
KM DOROLONDA,VOY_13_2025,1,SURABAYA,2025-06-26 12:00:00,8.0,MAKASSAR,0.7196417538950366
KM DOROLONDA,VOY_13_2025,2,MAKASSAR,2025-06-28 00:00:00,3.0,BAU-BAU,0.35662631838138525
KM DOROLONDA,VOY_13_2025,3,BAU-BAU,2025-06-28 17:00:00,2.0,NAMLEA,0.6947365140194428
KM DOROLONDA,VOY_13_2025,4,NAMLEA,2025-06-29 19:00:00,2.0,AMBON,0.597829165656827
KM DOROLONDA,VOY_13_2025,5,AMBON,2025-06-30 02:00:00,3.0,SORONG,0.43191299327879673
KM DOROLONDA,VOY_13_2025,6,SORONG,2025-07-01 01:00:00,3.0,MANOKWARI,0.3735284680194199
KM DOROLONDA,VOY_13_2025,7,MANOKWARI,2025-07-01 17:00:00,2.0,NABIRE,0.5584464077322071
KM DOROLONDA,VOY_13_2025,8,NABIRE,2025-07-02 05:00:00,2.0,WAREN,0.43237195944422135
KM DOROLONDA,VOY_13_2025,9,WAREN,2025-07-02 13:00:00,2.0,JAYAPURA,0.5255537621709185
KM DOROLONDA,VOY_13_2025,10,JAYAPURA,2025-07-03 10:00:00,5.0,WAREN,0.6566185230559188
KM DOROLONDA,VOY_13_2025,11,WAREN,2025-07-04 09:00:00,2.0,NABIRE,0.7153377136965245
KM DOROLONDA,VOY_13_2025,12,NABIRE,2025-07-04 17:00:00,2.0,MANOKWARI,0.4648978609271875
KM DOROLONDA,VOY_13_2025,13,MANOKWARI,2025-07-05 05:00:00,2.0,SORONG,0.4108421243462467
KM DOROLONDA,VOY_13_2025,14,SORONG,2025-07-05 19:00:00,2.0,AMBON,0.3962259094737347
KM DOROLONDA,VOY_13_2025,15,AMBON,2025-07-06 17:00:00,3.0,NAMLEA,0.25018059856283414
KM DOROLONDA,VOY_13_2025,16,NAMLEA,2025-07-07 01:00:00,2.0,BAU-BAU,0.46740509868061586
KM DOROLONDA,VOY_13_2025,17,BAU-BAU,2025-07-08 02:00:00,2.0,MAKASSAR,0.310898917908375
KM DOROLONDA,VOY_13_2025,18,MAKASSAR,2025-07-08 18:00:00,3.0,SURABAYA,0.4205263961224733
KM DOROLONDA,VOY_13_2025,19,SURABAYA,2025-07-10 00:00:00,0.0,,0.6009736403614626
KM DOROLONDA,VOY_14_2025,1,SURABAYA,2025-07-10 00:00:00,13.0,BALIKPAPAN,0.43741373684026374
KM DOROLONDA,VOY_14_2025,2,BALIKPAPAN,2025-07-11 20:00:00,2.0,PANTOLOAN,0.48264855254037176
KM DOROLONDA,VOY_14_2025,3,PANTOLOAN,2025-07-12 10:00:00,2.0,BITUNG,0.5630679816037254
KM DOROLONDA,VOY_14_2025,4,BITUNG,2025-07-13 17:00:00,3.0,TERNATE,0.7774470063542949
KM DOROLONDA,VOY_14_2025,5,TERNATE,2025-07-14 06:00:00,2.0,SORONG,0.7824473093716074
KM DOROLONDA,VOY_14_2025,6,SORONG,2025-07-15 03:00:00,3.0,MANOKWARI,0.26403624597490905
KM DOROLONDA,VOY_14_2025,7,MANOKWARI,2025-07-15 19:00:00,2.0,NABIRE,0.7013732519367339
KM DOROLONDA,VOY_14_2025,8,NABIRE,2025-07-16 07:00:00,2.0,SERUI,0.4336214845293648
KM DOROLONDA,VOY_14_2025,9,SERUI,2025-07-16 15:00:00,2.0,JAYAPURA,0.37021166721637755
KM DOROLONDA,VOY_14_2025,10,JAYAPURA,2025-07-17 12:00:00,6.0,SERUI,0.44102635214321045
KM DOROLONDA,VOY_14_2025,11,SERUI,2025-07-18 12:00:00,2.0,NABIRE,0.6144657550943626
KM DOROLONDA,VOY_14_2025,12,NABIRE,2025-07-18 20:00:00,2.0,MANOKWARI,0.3592043233228692
KM DOROLONDA,VOY_14_2025,13,MANOKWARI,2025-07-19 08:00:00,2.0,SORONG,0.4294709962585695
KM DOROLONDA,VOY_14_2025,14,SORONG,2025-07-20 23:00:00,3.0,TERNATE,0.6598022635088219
KM DOROLONDA,VOY_14_2025,15,TERNATE,2025-07-21 21:00:00,2.0,BITUNG,0.57507553956002
KM DOROLONDA,VOY_14_2025,16,BITUNG,2025-07-22 08:00:00,2.0,PANTOLOAN,0.8142167732374737
KM DOROLONDA,VOY_14_2025,17,PANTOLOAN,2025-07-22 14:00:00,2.0,BALIKPAPAN,0.4910325580018917
KM DOROLONDA,VOY_14_2025,18,BALIKPAPAN,2025-07-23 04:00:00,2.0,SURABAYA,0.39100420310222117
KM DOROLONDA,VOY_14_2025,19,SURABAYA,2025-07-24 12:00:00,0.0,,0.38839228580533114
KM JETLINER,VOY_27_2025,1,KENDARI,2025-06-28 21:00:00,10.0,WANCI,0.29585241275773533
KM JETLINER,VOY_27_2025,2,WANCI,2025-06-29 20:00:00,2.0,KENDARI,0.6431678915129497
KM JETLINER,VOY_27_2025,3,KENDARI,2025-06-30 11:00:00,6.0,WANCI,0.7404990428725835
KM JETLINER,VOY_27_2025,4,WANCI,2025-07-01 06:00:00,2.0,KENDARI,0.2671872387544237
KM JETLINER,VOY_27_2025,5,KENDARI,2025-07-01 21:00:00,2.0,RAHA,0.710229559884499
KM JETLINER,VOY_27_2025,6,RAHA,2025-07-02 07:00:00,1.0,KENDARI,0.36438697102741674
KM JETLINER,VOY_27_2025,7,KENDARI,2025-07-02 16:00:00,2.0,WANCI,0.41507682000096857
KM JETLINER,VOY_27_2025,8,WANCI,2025-07-03 07:00:00,2.0,KENDARI,0.24996958852288123
KM JETLINER,VOY_27_2025,9,KENDARI,2025-07-03 22:00:00,19.0,WANCI,0.38834226769028946
KM JETLINER,VOY_27_2025,10,WANCI,2025-07-05 06:00:00,2.0,KENDARI,0.8670042386244154
KM JETLINER,VOY_27_2025,11,KENDARI,2025-07-05 21:00:00,0.0,,0.43704049347651563
KM JETLINER,VOY_28_2025,1,KENDARI,2025-07-05 21:00:00,10.0,WANCI,0.3647335534014946
KM JETLINER,VOY_28_2025,2,WANCI,2025-07-06 20:00:00,2.0,KENDARI,0.6451741670497021
KM JETLINER,VOY_28_2025,3,KENDARI,2025-07-07 11:00:00,6.0,WANCI,0.7098429334202468
KM JETLINER,VOY_28_2025,4,WANCI,2025-07-08 06:00:00,2.0,KENDARI,0.525805037104629
KM JETLINER,VOY_28_2025,5,KENDARI,2025-07-08 21:00:00,2.0,RAHA,0.3051178635410655
KM JETLINER,VOY_28_2025,6,RAHA,2025-07-09 07:00:00,1.0,KENDARI,0.6543995827907715
KM JETLINER,VOY_28_2025,7,KENDARI,2025-07-09 16:00:00,2.0,WANCI,0.6044432917289253
KM JETLINER,VOY_28_2025,8,WANCI,2025-07-10 07:00:00,2.0,KENDARI,0.43671035089096333
KM JETLINER,VOY_28_2025,9,KENDARI,2025-07-10 22:00:00,19.0,WANCI,0.7648521027639289
KM JETLINER,VOY_28_2025,10,WANCI,2025-07-12 06:00:00,2.0,KENDARI,0.46406667720350564
KM JETLINER,VOY_28_2025,11,KENDARI,2025-07-12 21:00:00,0.0,,0.35671128172115174
KM KELIMUTU,VOY_11_2025,1,TANJUNG PRIOK,2025-06-23 09:00:00,34.0,TANJUNG PANDAN,0.45277102714572803
KM KELIMUTU,VOY_11_2025,2,TANJUNG PANDAN,2025-06-25 13:00:00,2.0,PONTIANAK,0.6380782666739823
KM KELIMUTU,VOY_11_2025,3,PONTIANAK,2025-06-26 17:00:00,2.0,SEMARANG,0.23592972202607032
KM KELIMUTU,VOY_11_2025,4,SEMARANG,2025-06-28 11:00:00,18.0,KUMAI,0.6865527075796372
KM KELIMUTU,VOY_11_2025,5,KUMAI,2025-06-30 05:00:00,2.0,SURABAYA,0.40922743772695114
KM KELIMUTU,VOY_11_2025,6,SURABAYA,2025-07-01 09:00:00,4.0,BATULICIN,0.5477111665385771
KM KELIMUTU,VOY_11_2025,7,BATULICIN,2025-07-02 20:00:00,4.0,SURABAYA,0.5178925548312142
KM KELIMUTU,VOY_11_2025,8,SURABAYA,2025-07-04 07:00:00,3.0,KUMAI,0.2730302427173339
KM KELIMUTU,VOY_11_2025,9,KUMAI,2025-07-05 12:00:00,2.0,SEMARANG,0.38051807705943685
KM KELIMUTU,VOY_11_2025,10,SEMARANG,2025-07-06 13:00:00,5.0,PONTIANAK,0.7975484824004399
KM KELIMUTU,VOY_11_2025,11,PONTIANAK,2025-07-08 16:00:00,2.0,TANJUNG PANDAN,0.33405612426000864
KM KELIMUTU,VOY_11_2025,12,TANJUNG PANDAN,2025-07-09 14:00:00,1.0,TANJUNG PRIOK,0.24582374059942325
KM KELIMUTU,VOY_11_2025,13,TANJUNG PRIOK,2025-07-10 10:00:00,0.0,,0.5731406040016241
KM KELIMUTU,VOY_12_2025,1,TANJUNG PRIOK,2025-07-10 10:00:00,14.0,TANJUNG PANDAN,0.5096031099788029
KM KELIMUTU,VOY_12_2025,2,TANJUNG PANDAN,2025-07-11 18:00:00,2.0,PONTIANAK,0.6772363197222349
KM KELIMUTU,VOY_12_2025,3,PONTIANAK,2025-07-12 19:00:00,3.0,SEMARANG,0.4960486024651747
KM KELIMUTU,VOY_12_2025,4,SEMARANG,2025-07-14 14:00:00,16.0,KUMAI,0.5808681697398279
KM KELIMUTU,VOY_12_2025,5,KUMAI,2025-07-16 06:00:00,4.0,SEMARANG,0.4608257060605843
KM KELIMUTU,VOY_12_2025,6,SEMARANG,2025-07-17 10:00:00,7.0,PONTIANAK,0.6107254889794753
KM KELIMUTU,VOY_12_2025,7,PONTIANAK,2025-07-19 16:00:00,4.0,TANJUNG PANDAN,0.1890674949419684
KM KELIMUTU,VOY_12_2025,8,TANJUNG PANDAN,2025-07-20 16:00:00,2.0,TANJUNG PRIOK,0.6792612526565633
KM KELIMUTU,VOY_12_2025,9,TANJUNG PRIOK,2025-07-21 12:00:00,0.0,,0.41028270158879926
KM KELIMUTU,VOY_13_2025,1,TANJUNG PRIOK,2025-07-21 12:00:00,33.0,TANJUNG PANDAN,0.3354756747118265
KM KELIMUTU,VOY_13_2025,2,TANJUNG PANDAN,2025-07-23 15:00:00,2.0,PONTIANAK,0.5766022595202872
KM KELIMUTU,VOY_13_2025,3,PONTIANAK,2025-07-24 16:00:00,3.0,SEMARANG,0.29676679528860817
KM KELIMUTU,VOY_13_2025,4,SEMARANG,2025-07-26 11:00:00,18.0,KUMAI,0.3000845349343986
KM KELIMUTU,VOY_13_2025,5,KUMAI,2025-07-28 05:00:00,3.0,SURABAYA,0.39148661845972765
KM KELIMUTU,VOY_13_2025,6,SURABAYA,2025-07-29 10:00:00,4.0,BATULICIN,0.24295065729546048
KM KELIMUTU,VOY_13_2025,7,BATULICIN,2025-07-30 21:00:00,2.0,SURABAYA,0.3754174959820902
KM KELIMUTU,VOY_13_2025,8,SURABAYA,2025-08-01 06:00:00,3.0,KUMAI,0.12648902816235957
KM KELIMUTU,VOY_13_2025,9,KUMAI,2025-08-02 11:00:00,2.0,SEMARANG,0.5334486799672711
KM KELIMUTU,VOY_13_2025,10,SEMARANG,2025-08-03 12:00:00,5.0,PONTIANAK,0.40009609131944224
KM KELIMUTU,VOY_13_2025,11,PONTIANAK,2025-08-05 15:00:00,3.0,TANJUNG PANDAN,0.727119190961623
KM KELIMUTU,VOY_13_2025,12,TANJUNG PANDAN,2025-08-06 14:00:00,2.0,TANJUNG PRIOK,0.48128330367941335
KM KELIMUTU,VOY_13_2025,13,TANJUNG PRIOK,2025-08-07 10:00:00,0.0,,0.29132900657108374
KM LABOBAR,VOY_13_2025,1,TANJUNG PRIOK,2025-06-30 19:00:00,18.0,SURABAYA,0.3661518625437523
KM LABOBAR,VOY_13_2025,2,SURABAYA,2025-07-02 15:00:00,4.0,MAKASSAR,0.23272542596294968
KM LABOBAR,VOY_13_2025,3,MAKASSAR,2025-07-04 00:00:00,3.0,BAU-BAU,0.7699077536487545
KM LABOBAR,VOY_13_2025,4,BAU-BAU,2025-07-04 19:00:00,2.0,AMBON,0.4479234723874923
KM LABOBAR,VOY_13_2025,5,AMBON,2025-07-05 22:00:00,3.0,BANDA,0.37400179369302355
KM LABOBAR,VOY_13_2025,6,BANDA,2025-07-06 09:00:00,2.0,TUAL,0.5089821012753403
KM LABOBAR,VOY_13_2025,7,TUAL,2025-07-07 00:00:00,3.0,DOBO,0.39268437969097403
KM LABOBAR,VOY_13_2025,8,DOBO,2025-07-07 10:00:00,3.0,KAIMANA,0.6263401664010768
KM LABOBAR,VOY_13_2025,9,KAIMANA,2025-07-07 22:00:00,2.0,FAK-FAK,0.30935699251814625
KM LABOBAR,VOY_13_2025,10,FAK-FAK,2025-07-08 10:00:00,3.0,KAIMANA,0.39804392194623534
KM LABOBAR,VOY_13_2025,11,KAIMANA,2025-07-08 23:00:00,3.0,DOBO,0.22211402520795076
KM LABOBAR,VOY_13_2025,12,DOBO,2025-07-09 11:00:00,3.0,TUAL,0.27925391873437955
KM LABOBAR,VOY_13_2025,13,TUAL,2025-07-09 21:00:00,3.0,BANDA,0.519873491403533
KM LABOBAR,VOY_13_2025,14,BANDA,2025-07-10 12:00:00,3.0,AMBON,0.25012014075860955
KM LABOBAR,VOY_13_2025,15,AMBON,2025-07-10 23:00:00,3.0,BAU-BAU,0.3003683003598776
KM LABOBAR,VOY_13_2025,16,BAU-BAU,2025-07-12 01:00:00,3.0,MAKASSAR,0.37348038549939877
KM LABOBAR,VOY_13_2025,17,MAKASSAR,2025-07-12 18:00:00,3.0,SURABAYA,0.2692879803357027
KM LABOBAR,VOY_13_2025,18,SURABAYA,2025-07-13 22:00:00,3.0,TANJUNG PRIOK,0.08274244676480669
KM LABOBAR,VOY_13_2025,19,TANJUNG PRIOK,2025-07-15 04:00:00,0.0,,0.6022907932917593
KM LABOBAR,VOY_14_2025,1,TANJUNG PRIOK,2025-07-15 04:00:00,15.0,SURABAYA,0.6069506855335259
KM LABOBAR,VOY_14_2025,2,SURABAYA,2025-07-16 21:00:00,4.0,MAKASSAR,0.28762192227505257
KM LABOBAR,VOY_14_2025,3,MAKASSAR,2025-07-18 06:00:00,3.0,BAU-BAU,0.4072327463191947
KM LABOBAR,VOY_14_2025,4,BAU-BAU,2025-07-19 01:00:00,2.0,AMBON,0.6344000474393447
KM LABOBAR,VOY_14_2025,5,AMBON,2025-07-20 04:00:00,3.0,BANDA,0.3199317616100726
KM LABOBAR,VOY_14_2025,6,BANDA,2025-07-20 15:00:00,2.0,TUAL,0.747897129154036
KM LABOBAR,VOY_14_2025,7,TUAL,2025-07-21 06:00:00,3.0,DOBO,0.9894952131402088
KM LABOBAR,VOY_14_2025,8,DOBO,2025-07-21 16:00:00,3.0,KAIMANA,0.7575883545946974
KM LABOBAR,VOY_14_2025,9,KAIMANA,2025-07-22 04:00:00,2.0,FAK-FAK,0.4322322914895141
KM LABOBAR,VOY_14_2025,10,FAK-FAK,2025-07-22 16:00:00,3.0,KAIMANA,0.6706598950422947
KM LABOBAR,VOY_14_2025,11,KAIMANA,2025-07-23 05:00:00,3.0,DOBO,0.41365318423737335
KM LABOBAR,VOY_14_2025,12,DOBO,2025-07-23 17:00:00,3.0,TUAL,0.660430988944627
KM LABOBAR,VOY_14_2025,13,TUAL,2025-07-24 03:00:00,3.0,BANDA,0.762090850656219
KM LABOBAR,VOY_14_2025,14,BANDA,2025-07-24 18:00:00,2.0,AMBON,0.5969410035019629
KM LABOBAR,VOY_14_2025,15,AMBON,2025-07-25 04:00:00,0.0,,0.2004734288318875
KM LABOBAR,VOY_15_2025,1,AMBON,2025-07-25 04:00:00,4.0,BANDA,0.4258389927764047
KM LABOBAR,VOY_15_2025,2,BANDA,2025-07-25 16:00:00,2.0,TUAL,0.5049127988899443
KM LABOBAR,VOY_15_2025,3,TUAL,2025-07-26 07:00:00,3.0,DOBO,0.689163973435171
KM LABOBAR,VOY_15_2025,4,DOBO,2025-07-26 17:00:00,3.0,KAIMANA,0.6351586444307329
KM LABOBAR,VOY_15_2025,5,KAIMANA,2025-07-27 05:00:00,2.0,FAK-FAK,0.4223033780652966
KM LABOBAR,VOY_15_2025,6,FAK-FAK,2025-07-27 17:00:00,3.0,KAIMANA,0.5648161243263016
KM LABOBAR,VOY_15_2025,7,KAIMANA,2025-07-28 06:00:00,3.0,DOBO,0.8297171787967265
KM LABOBAR,VOY_15_2025,8,DOBO,2025-07-28 18:00:00,3.0,TUAL,0.5433361087434696
KM LABOBAR,VOY_15_2025,9,TUAL,2025-07-29 04:00:00,2.0,BANDA,0.3986699261165626
KM LABOBAR,VOY_15_2025,10,BANDA,2025-07-29 19:00:00,2.0,AMBON,0.443158688584402
KM LABOBAR,VOY_15_2025,11,AMBON,2025-07-30 05:00:00,2.0,BAU-BAU,0.283843112926516
KM LABOBAR,VOY_15_2025,12,BAU-BAU,2025-07-31 06:00:00,2.0,MAKASSAR,0.4549305319042081
KM LABOBAR,VOY_15_2025,13,MAKASSAR,2025-07-31 22:00:00,2.0,SURABAYA,0.6303440023710991
KM LABOBAR,VOY_15_2025,14,SURABAYA,2025-08-02 01:00:00,3.0,TANJUNG PRIOK,0.6762544075779083
KM LABOBAR,VOY_15_2025,15,TANJUNG PRIOK,2025-08-03 07:00:00,4.0,CILEGON,0.38115831788138066
KM LABOBAR,VOY_15_2025,16,CILEGON,2025-08-03 14:00:00,0.0,,0.6479089506377606
KM LAMBELU,VOY_13_2025,1,MAKASSAR,2025-06-25 03:00:00,8.0,PARE-PARE,0.775026334551046
KM LAMBELU,VOY_13_2025,2,PARE-PARE,2025-06-25 16:00:00,3.0,BALIKPAPAN,0.33896013625012855
KM LAMBELU,VOY_13_2025,3,BALIKPAPAN,2025-06-26 11:00:00,2.0,TARAKAN,0.41037344117213315
KM LAMBELU,VOY_13_2025,4,TARAKAN,2025-06-27 15:00:00,3.0,NUNUKAN,0.4663652917908769
KM LAMBELU,VOY_13_2025,5,NUNUKAN,2025-06-28 00:00:00,3.0,PANTOLOAN,0.11877185571353954
KM LAMBELU,VOY_13_2025,6,PANTOLOAN,2025-06-29 00:00:00,2.0,BALIKPAPAN,0.3703617501911329
KM LAMBELU,VOY_13_2025,7,BALIKPAPAN,2025-06-29 15:00:00,2.0,PARE-PARE,0.20706240986155017
KM LAMBELU,VOY_13_2025,8,PARE-PARE,2025-06-30 09:00:00,3.0,MAKASSAR,0.2761045463157262
KM LAMBELU,VOY_13_2025,9,MAKASSAR,2025-06-30 17:00:00,3.0,BAU-BAU,0.39479158891018495
KM LAMBELU,VOY_13_2025,10,BAU-BAU,2025-07-01 11:00:00,2.0,MAUMERE,0.4923171075524975
KM LAMBELU,VOY_13_2025,11,MAUMERE,2025-07-02 02:00:00,2.0,LARANTUKA,0.08388474568490137
KM LAMBELU,VOY_13_2025,12,LARANTUKA,2025-07-02 09:00:00,2.0,BAU-BAU,0.17509957082586688
KM LAMBELU,VOY_13_2025,13,BAU-BAU,2025-07-02 23:00:00,2.0,MAKASSAR,0.6964289852269447
KM LAMBELU,VOY_13_2025,14,MAKASSAR,2025-07-03 16:00:00,4.0,PARE-PARE,0.6697469654078232
KM LAMBELU,VOY_13_2025,15,PARE-PARE,2025-07-04 01:00:00,5.0,BALIKPAPAN,0.5301532204543563
KM LAMBELU,VOY_13_2025,16,BALIKPAPAN,2025-07-04 22:00:00,2.0,PANTOLOAN,0.5011632227439448
KM LAMBELU,VOY_13_2025,17,PANTOLOAN,2025-07-05 13:00:00,2.0,TARAKAN,0.8064132844682091
KM LAMBELU,VOY_13_2025,18,TARAKAN,2025-07-06 10:00:00,4.0,NUNUKAN,0.647912318484438
KM LAMBELU,VOY_13_2025,19,NUNUKAN,2025-07-06 20:00:00,3.0,BALIKPAPAN,0.6623501014807721
KM LAMBELU,VOY_13_2025,20,BALIKPAPAN,2025-07-08 02:00:00,2.0,PARE-PARE,0.6348225633325387
KM LAMBELU,VOY_13_2025,21,PARE-PARE,2025-07-08 20:00:00,2.0,MAKASSAR,0.5298800501916667
KM LAMBELU,VOY_13_2025,22,MAKASSAR,2025-07-09 03:00:00,0.0,,0.6979673258505694
KM LAMBELU,VOY_14_2025,1,MAKASSAR,2025-07-09 03:00:00,8.0,PARE-PARE,0.39533597819240585
KM LAMBELU,VOY_14_2025,2,PARE-PARE,2025-07-09 16:00:00,3.0,BALIKPAPAN,0.8479691012551726
KM LAMBELU,VOY_14_2025,3,BALIKPAPAN,2025-07-10 11:00:00,2.0,TARAKAN,0.7364048224246116
KM LAMBELU,VOY_14_2025,4,TARAKAN,2025-07-11 15:00:00,3.0,NUNUKAN,0.8341332038507933
KM LAMBELU,VOY_14_2025,5,NUNUKAN,2025-07-12 00:00:00,3.0,PANTOLOAN,0.6828139753025483
KM LAMBELU,VOY_14_2025,6,PANTOLOAN,2025-07-13 00:00:00,2.0,BALIKPAPAN,0.5328271957377237
KM LAMBELU,VOY_14_2025,7,BALIKPAPAN,2025-07-13 15:00:00,2.0,PARE-PARE,0.5386850352344668
KM LAMBELU,VOY_14_2025,8,PARE-PARE,2025-07-14 09:00:00,3.0,MAKASSAR,0.687519859569357
KM LAMBELU,VOY_14_2025,9,MAKASSAR,2025-07-14 17:00:00,3.0,BAU-BAU,0.0
KM LAMBELU,VOY_14_2025,10,BAU-BAU,2025-07-15 11:00:00,2.0,MAUMERE,0.6556745133811773
KM LAMBELU,VOY_14_2025,11,MAUMERE,2025-07-16 02:00:00,2.0,LARANTUKA,0.32176357238911
KM LAMBELU,VOY_14_2025,12,LARANTUKA,2025-07-16 09:00:00,2.0,BAU-BAU,0.7554610464725733
KM LAMBELU,VOY_14_2025,13,BAU-BAU,2025-07-16 23:00:00,2.0,MAKASSAR,0.42389628934583995
KM LAMBELU,VOY_14_2025,14,MAKASSAR,2025-07-17 16:00:00,4.0,PARE-PARE,0.6123018618175559
KM LAMBELU,VOY_14_2025,15,PARE-PARE,2025-07-18 01:00:00,5.0,BALIKPAPAN,0.1459792783786276
KM LAMBELU,VOY_14_2025,16,BALIKPAPAN,2025-07-18 22:00:00,2.0,PANTOLOAN,0.20196547782999652
KM LAMBELU,VOY_14_2025,17,PANTOLOAN,2025-07-19 13:00:00,2.0,TARAKAN,0.4400349023848727
KM LAMBELU,VOY_14_2025,18,TARAKAN,2025-07-20 10:00:00,4.0,NUNUKAN,0.32670959468406713
KM LAMBELU,VOY_14_2025,19,NUNUKAN,2025-07-20 20:00:00,3.0,BALIKPAPAN,0.5725599149866335
KM LAMBELU,VOY_14_2025,20,BALIKPAPAN,2025-07-22 02:00:00,2.0,PARE-PARE,0.47467232118380015
KM LAMBELU,VOY_14_2025,21,PARE-PARE,2025-07-22 20:00:00,2.0,MAKASSAR,0.7190638361882542
KM LAMBELU,VOY_14_2025,22,MAKASSAR,2025-07-23 03:00:00,0.0,,0.13870081228672976
KM LAMBELU,VOY_15_2025,1,MAKASSAR,2025-07-23 03:00:00,8.0,PARE-PARE,0.5615391601029843
KM LAMBELU,VOY_15_2025,2,PARE-PARE,2025-07-23 16:00:00,3.0,BALIKPAPAN,0.7688604376876997
KM LAMBELU,VOY_15_2025,3,BALIKPAPAN,2025-07-24 11:00:00,2.0,TARAKAN,0.2915952650748164
KM LAMBELU,VOY_15_2025,4,TARAKAN,2025-07-25 15:00:00,3.0,NUNUKAN,0.4497442127403811
KM LAMBELU,VOY_15_2025,5,NUNUKAN,2025-07-26 00:00:00,3.0,PANTOLOAN,0.5636120994054654
KM LAMBELU,VOY_15_2025,6,PANTOLOAN,2025-07-27 00:00:00,2.0,BALIKPAPAN,0.5500495635399197
KM LAMBELU,VOY_15_2025,7,BALIKPAPAN,2025-07-27 15:00:00,2.0,PARE-PARE,0.6884366161955654
KM LAMBELU,VOY_15_2025,8,PARE-PARE,2025-07-28 09:00:00,3.0,MAKASSAR,0.4643929798200001
KM LAMBELU,VOY_15_2025,9,MAKASSAR,2025-07-28 17:00:00,3.0,BAU-BAU,0.7904168769921113
KM LAMBELU,VOY_15_2025,10,BAU-BAU,2025-07-29 11:00:00,2.0,MAUMERE,0.6649416944938285
KM LAMBELU,VOY_15_2025,11,MAUMERE,2025-07-30 02:00:00,2.0,LARANTUKA,0.6971441646037836
KM LAMBELU,VOY_15_2025,12,LARANTUKA,2025-07-30 09:00:00,2.0,BAU-BAU,0.9020888921510327
KM LAMBELU,VOY_15_2025,13,BAU-BAU,2025-07-30 23:00:00,2.0,MAKASSAR,0.4653159233681121
KM LAMBELU,VOY_15_2025,14,MAKASSAR,2025-07-31 16:00:00,4.0,PARE-PARE,0.5686931202897223
KM LAMBELU,VOY_15_2025,15,PARE-PARE,2025-08-01 01:00:00,5.0,BALIKPAPAN,0.5521794570492585
KM LAMBELU,VOY_15_2025,16,BALIKPAPAN,2025-08-01 22:00:00,2.0,PANTOLOAN,0.1866530441798953
KM LAMBELU,VOY_15_2025,17,PANTOLOAN,2025-08-02 13:00:00,2.0,TARAKAN,0.5249589984722525
KM LAMBELU,VOY_15_2025,18,TARAKAN,2025-08-03 10:00:00,4.0,NUNUKAN,0.4489431734917072
KM LAMBELU,VOY_15_2025,19,NUNUKAN,2025-08-03 20:00:00,3.0,BALIKPAPAN,0.581696744315299
KM LAMBELU,VOY_15_2025,20,BALIKPAPAN,2025-08-05 02:00:00,2.0,PARE-PARE,0.2913208515769299
KM LAMBELU,VOY_15_2025,21,PARE-PARE,2025-08-05 20:00:00,2.0,MAKASSAR,0.25756694889419773
KM LAMBELU,VOY_15_2025,22,MAKASSAR,2025-08-06 03:00:00,0.0,,0.32285203675808183
KM TATAMAILAU,VOY_09_2025,1,BITUNG,2025-06-29 12:00:00,9.0,TIDORE,0.31108090370231134
KM TATAMAILAU,VOY_09_2025,2,TIDORE,2025-06-30 11:00:00,1.0,SORONG,0.5073034144122653
KM TATAMAILAU,VOY_09_2025,3,SORONG,2025-07-01 16:00:00,2.0,FAK-FAK,0.6376393531586027
KM TATAMAILAU,VOY_09_2025,4,FAK-FAK,2025-07-02 11:00:00,2.0,KAIMANA,0.5711065434718114
KM TATAMAILAU,VOY_09_2025,5,KAIMANA,2025-07-03 02:00:00,2.0,TUAL,0.6557701678750566
KM TATAMAILAU,VOY_09_2025,6,TUAL,2025-07-03 17:00:00,3.0,TIMIKA,0.7519734821136375
KM TATAMAILAU,VOY_09_2025,7,TIMIKA,2025-07-04 19:00:00,2.0,AGATS,0.5311841242502396
KM TATAMAILAU,VOY_09_2025,8,AGATS,2025-07-05 12:00:00,2.0,MERAUKE,0.6828602149123507
KM TATAMAILAU,VOY_09_2025,9,MERAUKE,2025-07-07 10:00:00,21.0,AGATS,0.5946078184021779
KM TATAMAILAU,VOY_09_2025,10,AGATS,2025-07-10 00:00:00,2.0,TIMIKA,0.32950110860779935
KM TATAMAILAU,VOY_09_2025,11,TIMIKA,2025-07-10 13:00:00,10.0,TUAL,0.7017502007263364
KM TATAMAILAU,VOY_09_2025,12,TUAL,2025-07-11 22:00:00,2.0,KAIMANA,0.4937930194496526
KM TATAMAILAU,VOY_09_2025,13,KAIMANA,2025-07-12 13:00:00,2.0,FAK-FAK,0.717299105487234
KM TATAMAILAU,VOY_09_2025,14,FAK-FAK,2025-07-13 04:00:00,2.0,SORONG,0.5728061403411279
KM TATAMAILAU,VOY_09_2025,15,SORONG,2025-07-13 23:00:00,3.0,TIDORE,0.4348087865984646
KM TATAMAILAU,VOY_09_2025,16,TIDORE,2025-07-15 05:00:00,1.0,BITUNG,0.5149361054227317
KM TATAMAILAU,VOY_09_2025,17,BITUNG,2025-07-15 19:00:00,0.0,,0.635112325392046
KM TATAMAILAU,VOY_10_2025,1,BITUNG,2025-07-14 17:00:00,9.0,TERNATE,0.2407295171426231
KM TATAMAILAU,VOY_10_2025,2,TERNATE,2025-07-15 16:00:00,1.0,AMBON,0.700811819384271
KM TATAMAILAU,VOY_10_2025,3,AMBON,2025-07-16 18:00:00,2.0,TUAL,0.4000365215616982
KM TATAMAILAU,VOY_10_2025,4,TUAL,2025-07-17 22:00:00,4.0,DOBO,0.37778781435276515
KM TATAMAILAU,VOY_10_2025,5,DOBO,2025-07-18 11:00:00,2.0,TIMIKA,0.26419355781098514
KM TATAMAILAU,VOY_10_2025,6,TIMIKA,2025-07-19 09:00:00,2.0,AGATS,0.5106043946357205
KM TATAMAILAU,VOY_10_2025,7,AGATS,2025-07-19 22:00:00,2.0,MERAUKE,0.07768381925315795
KM TATAMAILAU,VOY_10_2025,8,MERAUKE,2025-07-21 20:00:00,22.0,AGATS,0.34143388932989094
KM TATAMAILAU,VOY_10_2025,9,AGATS,2025-07-24 09:00:00,1.0,TIMIKA,0.27563529468551556
KM TATAMAILAU,VOY_10_2025,10,TIMIKA,2025-07-24 21:00:00,10.0,DOBO,0.24321476378485574
KM TATAMAILAU,VOY_10_2025,11,DOBO,2025-07-25 22:00:00,2.0,TUAL,0.6943612962196289
KM TATAMAILAU,VOY_10_2025,12,TUAL,2025-07-26 09:00:00,3.0,AMBON,0.7382345500769831
KM TATAMAILAU,VOY_10_2025,13,AMBON,2025-07-27 14:00:00,2.0,TERNATE,0.5942648080593027
KM TATAMAILAU,VOY_10_2025,14,TERNATE,2025-07-28 18:00:00,1.0,BITUNG,0.558118713391544
KM TATAMAILAU,VOY_10_2025,15,BITUNG,2025-07-29 07:00:00,0.0,,0.8018526466454777
KM SIRIMAU,VOY_07_2025,1,SORONG,2025-06-30 02:00:00,4.0,AMBON,0.6722407089252125
KM SIRIMAU,VOY_07_2025,2,AMBON,2025-07-01 16:00:00,3.0,WANCI,0.33320840143598984
KM SIRIMAU,VOY_07_2025,3,WANCI,2025-07-03 00:00:00,2.0,BAU-BAU,0.5730623816173073
KM SIRIMAU,VOY_07_2025,4,BAU-BAU,2025-07-03 11:00:00,3.0,MAUMERE,0.5522281549980399
KM SIRIMAU,VOY_07_2025,5,MAUMERE,2025-07-04 10:00:00,2.0,LEWOLEBA,0.24853658451047536
KM SIRIMAU,VOY_07_2025,6,LEWOLEBA,2025-07-04 22:00:00,2.0,KUPANG,0.8215721074917396
KM SIRIMAU,VOY_07_2025,7,KUPANG,2025-07-05 12:00:00,7.0,KALABAHI,0.6100246028433143
KM SIRIMAU,VOY_07_2025,8,KALABAHI,2025-07-06 09:00:00,2.0,SAUMLAKI,0.6795432284364512
KM SIRIMAU,VOY_07_2025,9,SAUMLAKI,2025-07-08 07:00:00,2.0,TUAL,0.48170734482740124
KM SIRIMAU,VOY_07_2025,10,TUAL,2025-07-09 05:00:00,5.0,DOBO,0.7282677792098884
KM SIRIMAU,VOY_07_2025,11,DOBO,2025-07-09 21:00:00,2.0,TIMIKA,0.2923479892484339
KM SIRIMAU,VOY_07_2025,12,TIMIKA,2025-07-10 16:00:00,2.0,AGATS,0.6390824849549702
KM SIRIMAU,VOY_07_2025,13,AGATS,2025-07-11 11:00:00,4.0,MERAUKE,0.6620278445639904
KM SIRIMAU,VOY_07_2025,14,MERAUKE,2025-07-13 16:00:00,8.0,AGATS,0.7629042131469763
KM SIRIMAU,VOY_07_2025,15,AGATS,2025-07-15 14:00:00,2.0,TIMIKA,0.612601202756987
KM SIRIMAU,VOY_07_2025,16,TIMIKA,2025-07-16 06:00:00,2.0,DOBO,0.46751185654981875
KM SIRIMAU,VOY_07_2025,17,DOBO,2025-07-17 01:00:00,2.0,TUAL,1.0
KM SIRIMAU,VOY_07_2025,18,TUAL,2025-07-17 13:00:00,5.0,SAUMLAKI,0.32065702603337964
KM SIRIMAU,VOY_07_2025,19,SAUMLAKI,2025-07-18 13:00:00,2.0,KALABAHI,0.9020186084654325
KM SIRIMAU,VOY_07_2025,20,KALABAHI,2025-07-20 09:00:00,2.0,KUPANG,0.3198557626174028
KM SIRIMAU,VOY_07_2025,21,KUPANG,2025-07-21 00:00:00,6.0,LEWOLEBA,0.43723334586944507
KM SIRIMAU,VOY_07_2025,22,LEWOLEBA,2025-07-21 17:00:00,2.0,MAUMERE,0.6187862185493795
KM SIRIMAU,VOY_07_2025,23,MAUMERE,2025-07-22 05:00:00,2.0,BAU-BAU,0.5812512026923013
KM SIRIMAU,VOY_07_2025,24,BAU-BAU,2025-07-23 02:00:00,3.0,WANCI,0.4843702762014097
KM SIRIMAU,VOY_07_2025,25,WANCI,2025-07-23 13:00:00,2.0,AMBON,0.612686309501987
KM SIRIMAU,VOY_07_2025,26,AMBON,2025-07-24 19:00:00,3.0,SORONG,0.36337408311807917
KM SIRIMAU,VOY_07_2025,27,SORONG,2025-07-26 06:00:00,0.0,,0.5168774610318863
KM TILONGKABILA,VOY_11_2025,1,BENOA,2025-06-25 08:00:00,25.0,LEMBAR,0.4589322852220382
KM TILONGKABILA,VOY_11_2025,2,LEMBAR,2025-06-26 15:00:00,2.0,BIMA,0.1859552527517175
KM TILONGKABILA,VOY_11_2025,3,BIMA,2025-06-27 11:00:00,4.0,LABUAN BAJO,0.41716949869245473
KM TILONGKABILA,VOY_11_2025,4,LABUAN BAJO,2025-06-27 22:00:00,2.0,MAKASSAR,0.6199179754219112
KM TILONGKABILA,VOY_11_2025,5,MAKASSAR,2025-06-28 18:00:00,5.0,BAU-BAU,0.7127783798513767
KM TILONGKABILA,VOY_11_2025,6,BAU-BAU,2025-06-29 20:00:00,2.0,RAHA,0.20251601709986397
KM TILONGKABILA,VOY_11_2025,7,RAHA,2025-06-30 02:00:00,2.0,KENDARI,0.3583385816186006
KM TILONGKABILA,VOY_11_2025,8,KENDARI,2025-06-30 10:00:00,4.0,LUWUK,0.5943907866490079
KM TILONGKABILA,VOY_11_2025,9,LUWUK,2025-07-01 07:00:00,3.0,GORONTALO,0.7796672281222679
KM TILONGKABILA,VOY_11_2025,10,GORONTALO,2025-07-01 21:00:00,2.0,BITUNG,0.35940986205308234
KM TILONGKABILA,VOY_11_2025,11,BITUNG,2025-07-02 14:00:00,13.0,GORONTALO,0.1338579169390703
KM TILONGKABILA,VOY_11_2025,12,GORONTALO,2025-07-03 18:00:00,2.0,LUWUK,0.3889537390430676
KM TILONGKABILA,VOY_11_2025,13,LUWUK,2025-07-04 07:00:00,2.0,KENDARI,0.26956075430097215
KM TILONGKABILA,VOY_11_2025,14,KENDARI,2025-07-05 03:00:00,4.0,RAHA,0.4808201183203254
KM TILONGKABILA,VOY_11_2025,15,RAHA,2025-07-05 14:00:00,1.0,BAU-BAU,0.6162262794309489
KM TILONGKABILA,VOY_11_2025,16,BAU-BAU,2025-07-05 20:00:00,2.0,MAKASSAR,0.6198236639929922
KM TILONGKABILA,VOY_11_2025,17,MAKASSAR,2025-07-06 20:00:00,5.0,LABUAN BAJO,0.4780810864798256
KM TILONGKABILA,VOY_11_2025,18,LABUAN BAJO,2025-07-07 19:00:00,2.0,BIMA,0.5854007883052923
KM TILONGKABILA,VOY_11_2025,19,BIMA,2025-07-08 04:00:00,2.0,LEMBAR,0.49493390142033156
KM TILONGKABILA,VOY_11_2025,20,LEMBAR,2025-07-09 00:00:00,2.0,BENOA,0.40450823752625154
KM TILONGKABILA,VOY_11_2025,21,BENOA,2025-07-09 08:00:00,0.0,,0.5821196698274204
KM TILONGKABILA,VOY_12_2025,1,BENOA,2025-07-09 08:00:00,25.0,LEMBAR,0.6428500450793425
KM TILONGKABILA,VOY_12_2025,2,LEMBAR,2025-07-10 15:00:00,2.0,BIMA,0.6019889730604225
KM TILONGKABILA,VOY_12_2025,3,BIMA,2025-07-11 11:00:00,4.0,LABUAN BAJO,0.7625906111680423
KM TILONGKABILA,VOY_12_2025,4,LABUAN BAJO,2025-07-11 22:00:00,2.0,MAKASSAR,0.7976610949901772
KM TILONGKABILA,VOY_12_2025,5,MAKASSAR,2025-07-12 18:00:00,5.0,BAU-BAU,0.47714618793743
KM TILONGKABILA,VOY_12_2025,6,BAU-BAU,2025-07-13 20:00:00,2.0,RAHA,0.7452644125953956
KM TILONGKABILA,VOY_12_2025,7,RAHA,2025-07-14 02:00:00,2.0,KENDARI,0.5996678573004977
KM TILONGKABILA,VOY_12_2025,8,KENDARI,2025-07-14 10:00:00,4.0,LUWUK,0.8084385167920526
KM TILONGKABILA,VOY_12_2025,9,LUWUK,2025-07-15 07:00:00,3.0,GORONTALO,0.5166675188488168
KM TILONGKABILA,VOY_12_2025,10,GORONTALO,2025-07-15 21:00:00,2.0,BITUNG,0.6369933434310722
KM TILONGKABILA,VOY_12_2025,11,BITUNG,2025-07-16 14:00:00,13.0,GORONTALO,0.8048443103643593
KM TILONGKABILA,VOY_12_2025,12,GORONTALO,2025-07-17 18:00:00,2.0,LUWUK,0.3374991126958235
KM TILONGKABILA,VOY_12_2025,13,LUWUK,2025-07-18 07:00:00,2.0,KENDARI,0.4528001527351933
KM TILONGKABILA,VOY_12_2025,14,KENDARI,2025-07-19 03:00:00,4.0,RAHA,0.3379175017136292
KM TILONGKABILA,VOY_12_2025,15,RAHA,2025-07-19 14:00:00,1.0,BAU-BAU,0.7298293249629584
KM TILONGKABILA,VOY_12_2025,16,BAU-BAU,2025-07-19 20:00:00,2.0,MAKASSAR,0.6636083137332858
KM TILONGKABILA,VOY_12_2025,17,MAKASSAR,2025-07-20 20:00:00,5.0,LABUAN BAJO,0.4856274930262605
KM TILONGKABILA,VOY_12_2025,18,LABUAN BAJO,2025-07-21 19:00:00,2.0,BIMA,0.7140042109348459
KM TILONGKABILA,VOY_12_2025,19,BIMA,2025-07-22 04:00:00,2.0,LEMBAR,0.6586997999770958
KM TILONGKABILA,VOY_12_2025,20,LEMBAR,2025-07-23 00:00:00,2.0,BENOA,0.35729991528236577
KM TILONGKABILA,VOY_12_2025,21,BENOA,2025-07-23 08:00:00,0.0,,0.5391402859304615
KM TILONGKABILA,VOY_13_2025,1,BENOA,2025-07-23 08:00:00,25.0,LEMBAR,0.09625092460932777
KM TILONGKABILA,VOY_13_2025,2,LEMBAR,2025-07-24 15:00:00,2.0,BIMA,0.3383805746687545
KM TILONGKABILA,VOY_13_2025,3,BIMA,2025-07-25 11:00:00,4.0,LABUAN BAJO,0.9333418026039921
KM TILONGKABILA,VOY_13_2025,4,LABUAN BAJO,2025-07-25 22:00:00,2.0,MAKASSAR,0.2517672510193113
KM TILONGKABILA,VOY_13_2025,5,MAKASSAR,2025-07-26 18:00:00,5.0,BAU-BAU,0.6042047253422204
KM TILONGKABILA,VOY_13_2025,6,BAU-BAU,2025-07-27 20:00:00,2.0,RAHA,0.5792316559074382
KM TILONGKABILA,VOY_13_2025,7,RAHA,2025-07-28 02:00:00,2.0,KENDARI,0.4243597604699094
KM TILONGKABILA,VOY_13_2025,8,KENDARI,2025-07-28 10:00:00,4.0,LUWUK,0.6549008853583496
KM TILONGKABILA,VOY_13_2025,9,LUWUK,2025-07-29 07:00:00,3.0,GORONTALO,0.6923177268122798
KM TILONGKABILA,VOY_13_2025,10,GORONTALO,2025-07-29 21:00:00,2.0,BITUNG,0.1750849910218421
KM TILONGKABILA,VOY_13_2025,11,BITUNG,2025-07-30 14:00:00,13.0,GORONTALO,0.5637934185542506
KM TILONGKABILA,VOY_13_2025,12,GORONTALO,2025-07-31 18:00:00,2.0,LUWUK,0.6084288521398334
KM TILONGKABILA,VOY_13_2025,13,LUWUK,2025-08-01 07:00:00,2.0,KENDARI,0.4449510018093193
KM TILONGKABILA,VOY_13_2025,14,KENDARI,2025-08-02 03:00:00,4.0,RAHA,0.5499343268691206
KM TILONGKABILA,VOY_13_2025,15,RAHA,2025-08-02 14:00:00,1.0,BAU-BAU,0.5082758291213562
KM TILONGKABILA,VOY_13_2025,16,BAU-BAU,2025-08-02 20:00:00,2.0,MAKASSAR,0.2658750517486135
KM TILONGKABILA,VOY_13_2025,17,MAKASSAR,2025-08-03 20:00:00,5.0,LABUAN BAJO,0.2667725358051062
KM TILONGKABILA,VOY_13_2025,18,LABUAN BAJO,2025-08-04 19:00:00,2.0,BIMA,0.29247363203454424
KM TILONGKABILA,VOY_13_2025,19,BIMA,2025-08-05 04:00:00,2.0,LEMBAR,0.3752822679879229
KM TILONGKABILA,VOY_13_2025,20,LEMBAR,2025-08-06 00:00:00,2.0,BENOA,0.4720477564913169
KM TILONGKABILA,VOY_13_2025,21,BENOA,2025-08-06 08:00:00,0.0,,0.6962602905823349
