Ship_Name,Port_Name,ETA_Planned,Optimized_Priority,Queue_Time,Actual_Arrival,Actual_Berth,Actual_Departure,Delay_Hours,Waiting_Time_Hours
KM GUNUNG DEMPO,MAKASSAR,2024-12-28 04:00:00,0.7453759072569459,2024-12-27 10:06:39.521612999,2024-12-28 04:00:00,2024-12-28 04:00:00,2024-12-28 07:00:00,0.0,0.0
KM DOBONSOLO,TANJUNG PRIOK,2025-01-20 12:00:00,0.6731892093442009,2025-01-19 19:50:36.452312661,2025-01-20 12:00:00,2025-01-20 12:00:00,2025-02-21 00:00:00,0.0,0.0
KM BK SIGUNTANG,MAKASSAR,2025-01-25 07:00:00,0.5324426458373873,2025-01-24 18:13:16.955399651,2025-01-25 07:00:00,2025-01-25 07:00:00,2025-01-26 00:00:00,0.0,0.0
KM BK SIGUNTANG,PARE-PARE,2025-01-26 05:00:00,0.0,2025-01-26 05:00:00.000000000,2025-01-26 05:00:00,2025-01-26 05:00:00,2025-01-26 09:00:00,0.0,0.0
KM BK SIGUNTANG,BALIKPAPAN,2025-01-27 00:00:00,0.3928979019467457,2025-01-26 14:34:13.621271801,2025-01-27 00:00:00,2025-01-27 00:00:00,2025-01-27 02:00:00,0.0,0.0
KM LABOBAR,TANJUNG PRIOK,2025-01-28 05:00:00,0.7863834883149792,2025-01-27 10:07:36.466609588,2025-01-28 05:00:00,2025-02-21 00:00:00,2025-02-21 14:00:00,571.0,571.0
KM NGGAPULU,TANJUNG PRIOK,2025-01-27 16:00:00,0.0,2025-01-27 16:00:00.000000000,2025-01-27 16:00:00,2025-02-21 14:00:00,2025-02-23 06:00:00,598.0,598.0
KM BK SIGUNTANG,TARAKAN,2025-01-28 03:00:00,0.399055086346193,2025-01-27 17:25:21.640539688,2025-01-28 03:00:00,2025-01-28 03:00:00,2025-01-28 07:00:00,0.0,0.0
KM WILIS,BATULICIN,2025-01-28 15:00:00,0.577156066609825,2025-01-28 01:08:53.715844911,2025-01-28 15:00:00,2025-01-28 15:00:00,2025-01-29 18:00:00,0.0,0.0
KM BK SIGUNTANG,NUNUKAN,2025-01-28 13:00:00,0.4634238910445482,2025-01-28 01:52:40.175813752,2025-01-28 13:00:00,2025-01-28 13:00:00,2025-01-28 16:00:00,0.0,0.0
KM BINAIYA,BENOA,2025-01-29 10:00:00,0.188394735364089,2025-01-29 05:28:42.694864544,2025-01-29 10:00:00,2025-01-29 10:00:00,2025-01-29 22:00:00,0.0,0.0
KM LABOBAR,SURABAYA,2025-01-29 19:00:00,0.5089623232737768,2025-01-29 06:47:05.655269145,2025-02-21 14:00:00,2025-02-21 14:00:00,2025-02-21 18:00:00,547.0,0.0
KM BK SIGUNTANG,BALIKPAPAN,2025-01-29 19:00:00,0.2772087037565787,2025-01-29 12:20:49.167995432,2025-01-29 19:00:00,2025-01-29 19:00:00,2025-01-29 21:00:00,0.0,0.0
KM WILIS,MAKASSAR,2025-01-31 00:00:00,0.9304295953615092,2025-01-30 01:40:10.882960767,2025-01-31 00:00:00,2025-01-31 00:00:00,2025-01-31 08:00:00,0.0,0.0
KM BK SIGUNTANG,PARE-PARE,2025-01-30 12:00:00,0.4141994762613462,2025-01-30 02:03:33.165251021,2025-01-30 12:00:00,2025-01-30 12:00:00,2025-01-30 16:00:00,0.0,0.0
KM KELUD,TANJUNG PRIOK,2025-01-30 18:00:00,0.6461111996401583,2025-01-30 02:29:35.992351090,2025-01-30 18:00:00,2025-02-23 06:00:00,2025-02-24 09:00:00,564.0,564.0
KM PANGRANGO,AMBON,2025-01-30 12:00:00,0.323418121183574,2025-01-30 04:14:16.674329739,2025-01-30 12:00:00,2025-01-30 12:00:00,2025-01-31 16:00:00,0.0,0.0
KM NGGAPULU,SURABAYA,2025-01-30 10:00:00,0.1677532093109873,2025-01-30 05:58:26.122715530,2025-02-23 06:00:00,2025-02-23 06:00:00,2025-02-23 10:00:00,572.0,0.0
KM BK SIGUNTANG,MAKASSAR,2025-01-30 21:00:00,0.6106520303980516,2025-01-30 06:20:39.664573610,2025-01-30 21:00:00,2025-01-31 08:00:00,2025-01-31 11:00:00,11.0,11.0
KM BINAIYA,BIMA,2025-01-30 21:00:00,0.5571923208589163,2025-01-30 07:37:38.583477790,2025-01-30 21:00:00,2025-01-30 21:00:00,2025-01-30 23:00:00,0.0,0.0
KM LABOBAR,MAKASSAR,2025-01-31 02:00:00,0.6355919209116753,2025-01-30 10:44:44.858033233,2025-02-21 18:00:00,2025-02-21 18:00:00,2025-02-21 21:00:00,520.0,0.0
KM TIDAR,KIJANG,2025-01-31 05:00:00,0.4459624718560874,2025-01-30 18:17:48.842431635,2025-01-31 05:00:00,2025-01-31 05:00:00,2025-01-31 09:00:00,0.0,0.0
KM BINAIYA,LABUAN BAJO,2025-01-31 07:00:00,0.3690395379765778,2025-01-30 22:08:34.983918824,2025-01-31 07:00:00,2025-01-31 07:00:00,2025-01-31 09:00:00,0.0,0.0
KM BK SIGUNTANG,MAUMERE,2025-01-31 18:00:00,0.5906063209485368,2025-01-31 03:49:31.613870046,2025-01-31 18:00:00,2025-01-31 18:00:00,2025-01-31 20:00:00,0.0,0.0
KM NGGAPULU,MAKASSAR,2025-01-31 21:00:00,0.6758098190278814,2025-01-31 04:46:50.031635992,2025-02-23 10:00:00,2025-02-23 10:00:00,2025-02-23 13:00:00,541.0,0.0
KM LABOBAR,BAU-BAU,2025-01-31 20:00:00,0.5298097062128407,2025-01-31 07:17:04.441383212,2025-02-21 21:00:00,2025-02-21 21:00:00,2025-02-21 23:00:00,505.0,0.0
KM BK SIGUNTANG,LEWOLEBA,2025-02-01 02:00:00,0.4368793523573525,2025-01-31 15:30:53.623956327,2025-02-01 02:00:00,2025-02-01 02:00:00,2025-02-01 04:00:00,0.0,0.0
KM BK SIGUNTANG,KUPANG,2025-02-01 11:00:00,0.7010434855879594,2025-01-31 18:10:29.842845201,2025-02-01 11:00:00,2025-02-01 11:00:00,2025-02-01 17:00:00,0.0,0.0
KM BINAIYA,PARE-PARE,2025-02-01 15:00:00,0.8655731423594014,2025-01-31 18:13:34.480500147,2025-02-01 15:00:00,2025-02-01 15:00:00,2025-02-01 17:00:00,0.0,0.0
KM GUNUNG DEMPO,TANJUNG PRIOK,2025-02-01 11:00:00,0.5648698548183139,2025-01-31 21:26:35.244543697,2025-02-01 11:00:00,2025-02-24 09:00:00,2025-02-24 20:00:00,550.0,550.0
KM WILIS,LABUAN BAJO,2025-02-01 08:00:00,0.3225652491509918,2025-02-01 00:15:30.362473354,2025-02-01 08:00:00,2025-02-01 08:00:00,2025-02-01 09:00:00,0.0,0.0
KM NGGAPULU,BAU-BAU,2025-02-01 16:00:00,0.6491553350019891,2025-02-01 00:25:12.979055828,2025-02-23 13:00:00,2025-02-23 13:00:00,2025-02-23 15:00:00,525.0,0.0
KM BINAIYA,MAKASSAR,2025-02-01 04:00:00,0.1312768462940347,2025-02-01 00:50:57.680480195,2025-02-01 17:00:00,2025-02-23 13:00:00,2025-02-23 18:00:00,537.0,524.0
KM WILIS,BIMA,2025-02-01 18:00:00,0.7109251548709729,2025-02-01 00:56:16.066619150,2025-02-01 18:00:00,2025-02-01 18:00:00,2025-02-01 19:00:00,0.0,0.0
KM PANGRANGO,BANDA,2025-02-01 06:00:00,0.1775560472142665,2025-02-01 01:44:19.157520689,2025-02-01 06:00:00,2025-02-01 06:00:00,2025-02-02 16:00:00,0.0,0.0
KM JETLINER,KENDARI,2025-02-01 21:00:00,0.5884043412043364,2025-02-01 06:52:41.864919946,2025-02-01 21:00:00,2025-02-01 21:00:00,2025-02-02 07:00:00,0.0,0.0
KM BK SIGUNTANG,LEWOLEBA,2025-02-02 00:00:00,0.6568052506662716,2025-02-01 08:14:12.026342433,2025-02-02 00:00:00,2025-02-02 00:00:00,2025-02-02 02:00:00,0.0,0.0
KM LABOBAR,AMBON,2025-02-01 22:00:00,0.3645827673645833,2025-02-01 13:15:00.048899700,2025-02-21 23:00:00,2025-02-21 23:00:00,2025-02-22 02:00:00,481.0,0.0
KM BK SIGUNTANG,MAUMERE,2025-02-02 09:00:00,0.7349857052736417,2025-02-01 15:21:37.235064359,2025-02-02 09:00:00,2025-02-02 09:00:00,2025-02-02 10:00:00,0.0,0.0
KM KELUD,BATAM,2025-02-02 04:00:00,0.5185955610219952,2025-02-01 15:33:13.343527700,2025-02-24 09:00:00,2025-02-24 09:00:00,2025-02-24 14:00:00,533.0,0.0
KM LABOBAR,BANDA,2025-02-02 09:00:00,0.675870346243188,2025-02-01 16:46:44.802084587,2025-02-22 02:00:00,2025-02-22 02:00:00,2025-02-22 04:00:00,473.0,0.0
KM WILIS,WAIKELO,2025-02-02 06:00:00,0.4061819677417558,2025-02-01 20:15:05.877987113,2025-02-02 06:00:00,2025-02-02 06:00:00,2025-02-02 07:00:00,0.0,0.0
KM TIDAR,TANJUNG PRIOK,2025-02-01 21:00:00,0.0,2025-02-01 21:00:00.000000000,2025-02-01 21:00:00,2025-02-24 20:00:00,2025-02-25 02:00:00,551.0,551.0
KM PANGRANGO,AMBON,2025-02-03 06:00:00,0.993156352700101,2025-02-02 06:09:51.291126713,2025-02-03 06:00:00,2025-02-22 02:00:00,2025-02-22 16:00:00,452.0,452.0
KM NGGAPULU,NAMLEA,2025-02-02 19:00:00,0.5203347547170832,2025-02-02 06:30:43.077192444,2025-02-23 15:00:00,2025-02-23 15:00:00,2025-02-23 17:00:00,500.0,0.0
KM BINAIYA,BONTANG,2025-02-02 20:00:00,0.5480494690293549,2025-02-02 06:50:48.525875862,2025-02-23 18:00:00,2025-02-23 18:00:00,2025-02-23 21:00:00,502.0,0.0
KM LABOBAR,TUAL,2025-02-02 23:00:00,0.6707793429393971,2025-02-02 06:54:04.664770035,2025-02-22 04:00:00,2025-02-22 04:00:00,2025-02-22 07:00:00,461.0,0.0
KM NGGAPULU,AMBON,2025-02-03 02:00:00,0.7774488327804326,2025-02-02 07:20:28.420847772,2025-02-23 17:00:00,2025-02-23 17:00:00,2025-02-23 23:00:00,495.0,0.0
KM GUNUNG DEMPO,SURABAYA,2025-02-02 23:00:00,0.6430700180668569,2025-02-02 07:33:58.750439022,2025-02-24 20:00:00,2025-02-24 20:00:00,2025-02-25 00:00:00,525.0,0.0
KM KELUD,TANJUNG BALAI KARIMUN,2025-02-02 12:00:00,0.1444922908946856,2025-02-02 08:31:55.866066701,2025-02-24 14:00:00,2025-02-24 14:00:00,2025-02-24 15:00:00,530.0,0.0
KM JETLINER,WANCI,2025-02-02 20:00:00,0.3472905950738206,2025-02-02 11:39:54.092585621,2025-02-02 20:00:00,2025-02-02 20:00:00,2025-02-02 22:00:00,0.0,0.0
KM WILIS,WAINGAPU,2025-02-02 16:00:00,0.0053566768396174,2025-02-02 15:52:17.183121057,2025-02-02 16:00:00,2025-02-02 16:00:00,2025-02-02 20:00:00,0.0,0.0
KM NGGAPULU,NAMLEA,2025-02-03 13:00:00,0.7659640908863934,2025-02-02 18:37:00.702547418,2025-02-23 23:00:00,2025-02-23 23:00:00,2025-02-24 01:00:00,490.0,0.0
KM BK SIGUNTANG,PARE-PARE,2025-02-03 15:00:00,0.8276372667423919,2025-02-02 19:08:12.140153459,2025-02-03 15:00:00,2025-02-03 15:00:00,2025-02-03 19:00:00,0.0,0.0
KM TIDAR,SURABAYA,2025-02-03 08:00:00,0.5229504311475817,2025-02-02 19:26:57.082748849,2025-02-25 02:00:00,2025-02-25 02:00:00,2025-02-25 04:00:00,522.0,0.0
KM KELUD,BELAWAN,2025-02-03 11:00:00,0.6437522787874388,2025-02-02 19:32:59.803112764,2025-02-24 15:00:00,2025-02-24 15:00:00,2025-02-25 16:00:00,508.0,0.0
KM LABOBAR,DOBO,2025-02-03 09:00:00,0.4926392665553175,2025-02-02 21:10:35.967369620,2025-02-22 07:00:00,2025-02-22 07:00:00,2025-02-22 10:00:00,454.0,0.0
KM BK SIGUNTANG,MAKASSAR,2025-02-03 04:00:00,0.1775968399929465,2025-02-02 23:44:15.633024609,2025-02-03 19:00:00,2025-02-23 18:00:00,2025-02-24 00:00:00,494.0,479.0
KM LABOBAR,KAIMANA,2025-02-03 21:00:00,0.7829482285799167,2025-02-03 02:12:33.273050696,2025-02-22 10:00:00,2025-02-22 10:00:00,2025-02-22 12:00:00,445.0,0.0
KM JETLINER,KENDARI,2025-02-03 11:00:00,0.2614926173375786,2025-02-03 04:43:27.037862033,2025-02-03 11:00:00,2025-02-03 11:00:00,2025-02-03 17:00:00,0.0,0.0
KM GUNUNG DEMPO,SORONG,2025-02-03 11:00:00,0.2096139836515807,2025-02-03 05:58:09.351812504,2025-02-25 00:00:00,2025-02-25 00:00:00,2025-02-25 02:00:00,517.0,0.0
KM WILIS,ENDE,2025-02-03 07:00:00,0.0342129759984422,2025-02-03 06:10:43.998873734,2025-02-03 07:00:00,2025-02-03 07:00:00,2025-02-03 09:00:00,0.0,0.0
KM PANGRANGO,NAMROLE,2025-02-04 06:00:00,0.9017197446756752,2025-02-03 08:21:31.414060023,2025-02-22 16:00:00,2025-02-22 16:00:00,2025-02-22 18:00:00,442.0,0.0
KM JETLINER,WANCI,2025-02-04 06:00:00,0.8110273703663533,2025-02-03 10:32:07.235200349,2025-02-04 06:00:00,2025-02-04 06:00:00,2025-02-04 08:00:00,0.0,0.0
KM BINAIYA,PARE-PARE,2025-02-04 02:00:00,0.5730726917939544,2025-02-03 12:14:46.519429002,2025-02-23 21:00:00,2025-02-23 21:00:00,2025-02-23 23:00:00,475.0,0.0
KM WILIS,KUPANG,2025-02-04 01:00:00,0.5224217047627383,2025-02-03 12:27:42.764708499,2025-02-04 01:00:00,2025-02-04 01:00:00,2025-02-04 09:00:00,0.0,0.0
KM GUNUNG DEMPO,WASIOR,2025-02-04 10:00:00,0.8869420788051225,2025-02-03 12:42:48.204391238,2025-02-25 02:00:00,2025-02-25 02:00:00,2025-02-25 03:00:00,496.0,0.0
KM LABOBAR,FAK-FAK,2025-02-04 09:00:00,0.8072696302169644,2025-02-03 13:37:31.903949255,2025-02-22 12:00:00,2025-02-22 12:00:00,2025-02-22 16:00:00,435.0,0.0
KM NGGAPULU,BAU-BAU,2025-02-04 16:00:00,0.8877501296142226,2025-02-03 18:41:38.388801333,2025-02-24 01:00:00,2025-02-24 01:00:00,2025-02-24 04:00:00,465.0,0.0
KM PANGRANGO,AMBON,2025-02-04 18:00:00,0.9222335385624988,2025-02-03 19:51:59.022268200,2025-02-22 18:00:00,2025-02-23 23:00:00,2025-02-24 05:00:00,461.0,29.0
KM GUNUNG DEMPO,MANOKWARI,2025-02-04 01:00:00,0.0440058511137805,2025-02-03 23:56:37.894463769,2025-02-25 03:00:00,2025-02-25 03:00:00,2025-02-25 05:00:00,506.0,0.0
KM CIREMAI,TANJUNG PRIOK,2025-02-04 12:00:00,0.4915981558376006,2025-02-04 00:12:05.919335633,2025-02-04 12:00:00,2025-02-25 02:00:00,2025-02-26 12:00:00,494.0,494.0
KM SANGIANG,BITUNG,2025-02-04 17:00:00,0.6582817237586847,2025-02-04 01:12:04.459067252,2025-02-04 17:00:00,2025-02-04 17:00:00,2025-02-06 16:00:00,0.0,0.0
KM WILIS,KALABAHI,2025-02-05 02:00:00,0.9802031044335172,2025-02-04 02:28:30.451776946,2025-02-05 02:00:00,2025-02-05 02:00:00,2025-02-05 14:00:00,0.0,0.0
KM LAMBELU,MAKASSAR,2025-02-05 03:00:00,0.9868630066348912,2025-02-04 03:18:55.036226747,2025-02-05 03:00:00,2025-02-24 00:00:00,2025-02-24 08:00:00,453.0,453.0
KM DOROLONDA,SURABAYA,2025-02-04 22:00:00,0.7620756978243415,2025-02-04 03:42:36.659707978,2025-02-04 22:00:00,2025-02-25 04:00:00,2025-02-25 16:00:00,486.0,486.0
KM BINAIYA,MAKASSAR,2025-02-04 10:00:00,0.1072212425816721,2025-02-04 07:25:36.084640944,2025-02-23 23:00:00,2025-02-24 08:00:00,2025-02-24 13:00:00,478.0,9.0
KM BK SIGUNTANG,BALIKPAPAN,2025-02-04 11:00:00,0.0630568882729294,2025-02-04 09:29:11.884853220,2025-02-24 00:00:00,2025-02-24 00:00:00,2025-02-24 02:00:00,469.0,0.0
KM LABOBAR,DOBO,2025-02-05 10:00:00,0.8871349102222049,2025-02-04 12:42:31.543756802,2025-02-22 16:00:00,2025-02-22 16:00:00,2025-02-22 18:00:00,414.0,0.0
KM TIDAR,MAKASSAR,2025-02-04 18:00:00,0.1403300645847456,2025-02-04 14:37:55.482419878,2025-02-25 04:00:00,2025-02-25 04:00:00,2025-02-25 07:00:00,490.0,0.0
KM NGGAPULU,MAKASSAR,2025-02-05 10:00:00,0.7868850738752906,2025-02-04 15:06:53.129617175,2025-02-24 04:00:00,2025-02-25 07:00:00,2025-02-25 10:00:00,477.0,27.0
KM JETLINER,KENDARI,2025-02-04 21:00:00,0.2309837413865672,2025-02-04 15:27:23.004744200,2025-02-04 21:00:00,2025-02-04 21:00:00,2025-02-04 23:00:00,0.0,0.0
KM LABOBAR,KAIMANA,2025-02-04 23:00:00,0.3022758273828093,2025-02-04 15:44:43.368514127,2025-02-22 18:00:00,2025-02-22 18:00:00,2025-02-22 20:00:00,427.0,0.0
KM JETLINER,KENDARI,2025-02-05 16:00:00,1.0,2025-02-04 16:00:00.000000000,2025-02-05 16:00:00,2025-02-05 16:00:00,2025-02-05 18:00:00,0.0,0.0
KM GUNUNG DEMPO,NABIRE,2025-02-04 18:00:00,0.0,2025-02-04 18:00:00.000000000,2025-02-25 05:00:00,2025-02-25 05:00:00,2025-02-25 07:00:00,491.0,0.0
KM LAMBELU,PARE-PARE,2025-02-05 16:00:00,0.8718461704112704,2025-02-04 19:04:32.490876468,2025-02-24 08:00:00,2025-02-24 08:00:00,2025-02-24 11:00:00,448.0,0.0
KM PANGRANGO,BANDA,2025-02-05 14:00:00,0.7810016843032759,2025-02-04 19:15:21.454476196,2025-02-24 05:00:00,2025-02-24 05:00:00,2025-02-24 07:00:00,447.0,0.0
KM KELUD,TANJUNG BALAI KARIMUN,2025-02-05 10:00:00,0.4824452612555868,2025-02-04 22:25:16.729427518,2025-02-25 16:00:00,2025-02-25 16:00:00,2025-02-25 17:00:00,486.0,0.0
KM JETLINER,RAHA,2025-02-05 07:00:00,0.3292432494837918,2025-02-04 23:05:53.383244601,2025-02-05 18:00:00,2025-02-05 18:00:00,2025-02-05 19:00:00,11.0,0.0
KM BK SIGUNTANG,TARAKAN,2025-02-05 13:00:00,0.5697990835948098,2025-02-04 23:19:29.359177410,2025-02-24 02:00:00,2025-02-24 02:00:00,2025-02-24 06:00:00,445.0,0.0
KM BINAIYA,BIMA,2025-02-05 21:00:00,0.7253366510451144,2025-02-05 03:35:30.913349702,2025-02-24 13:00:00,2025-02-24 13:00:00,2025-02-24 14:00:00,448.0,0.0
KM EGON,WAINGAPU,2025-02-05 06:00:00,0.0468301251562071,2025-02-05 04:52:33.877186504,2025-02-05 06:00:00,2025-02-05 06:00:00,2025-02-05 13:00:00,0.0,0.0
KM KELUD,BATAM,2025-02-05 14:00:00,0.3106210953204819,2025-02-05 06:32:42.337364309,2025-02-25 17:00:00,2025-02-25 17:00:00,2025-02-25 20:00:00,483.0,0.0
KM BK SIGUNTANG,NUNUKAN,2025-02-05 23:00:00,0.5998842235329866,2025-02-05 08:36:10.003086749,2025-02-24 06:00:00,2025-02-24 06:00:00,2025-02-24 08:00:00,439.0,0.0
KM GUNUNG DEMPO,JAYAPURA,2025-02-05 17:00:00,0.2787088298799078,2025-02-05 10:18:39.557098376,2025-02-25 07:00:00,2025-02-25 07:00:00,2025-02-25 12:00:00,470.0,0.0
KM LABOBAR,TUAL,2025-02-05 19:00:00,0.3611623738086365,2025-02-05 10:19:55.570902935,2025-02-22 20:00:00,2025-02-22 20:00:00,2025-02-22 22:00:00,409.0,0.0
KM BINAIYA,LABUAN BAJO,2025-02-05 11:00:00,0.0,2025-02-05 11:00:00.000000000,2025-02-24 14:00:00,2025-02-24 14:00:00,2025-02-24 16:00:00,459.0,0.0
KM TIDAR,BAU-BAU,2025-02-05 14:00:00,0.0709391111607745,2025-02-05 12:17:50.860795708,2025-02-25 07:00:00,2025-02-25 07:00:00,2025-02-25 10:00:00,473.0,0.0
KM LABOBAR,BANDA,2025-02-06 10:00:00,0.7764185184517407,2025-02-05 15:21:57.440005769,2025-02-22 22:00:00,2025-02-24 07:00:00,2025-02-24 08:00:00,429.0,33.0
KM WILIS,KUPANG,2025-02-06 06:00:00,0.6067370735180107,2025-02-05 15:26:17.916848045,2025-02-06 06:00:00,2025-02-06 06:00:00,2025-02-06 14:00:00,0.0,0.0
KM TIDAR,LARANTUKA,2025-02-06 15:00:00,0.9484845656876468,2025-02-05 16:14:10.933524586,2025-02-25 10:00:00,2025-02-25 10:00:00,2025-02-25 12:00:00,451.0,0.0
KM TIDAR,MAUMERE,2025-02-06 07:00:00,0.4272230998607323,2025-02-05 20:44:47.924172032,2025-02-25 12:00:00,2025-02-25 12:00:00,2025-02-25 14:00:00,461.0,0.0
KM EGON,LEMBAR,2025-02-06 15:00:00,0.7136873281861549,2025-02-05 21:52:17.414844716,2025-02-06 15:00:00,2025-02-06 15:00:00,2025-02-06 18:00:00,0.0,0.0
KM TIDAR,LEWOLEBA,2025-02-06 20:00:00,0.9020165666013196,2025-02-05 22:21:05.768645645,2025-02-25 14:00:00,2025-02-25 14:00:00,2025-02-25 16:00:00,450.0,0.0
KM JETLINER,WANCI,2025-02-06 07:00:00,0.2601103994973417,2025-02-06 00:45:26.461483431,2025-02-06 07:00:00,2025-02-06 07:00:00,2025-02-06 09:00:00,0.0,0.0
KM BK SIGUNTANG,BALIKPAPAN,2025-02-07 04:00:00,1.0,2025-02-06 04:00:00.000000000,2025-02-24 08:00:00,2025-02-24 08:00:00,2025-02-24 10:00:00,412.0,0.0
KM JETLINER,KENDARI,2025-02-06 22:00:00,0.747477517721152,2025-02-06 04:03:37.942468892,2025-02-06 22:00:00,2025-02-06 22:00:00,2025-02-07 17:00:00,0.0,0.0
KM GUNUNG DEMPO,NABIRE,2025-02-06 21:00:00,0.6744605421794256,2025-02-06 04:48:46.609155699,2025-02-25 12:00:00,2025-02-25 12:00:00,2025-02-25 14:00:00,447.0,0.0
KM LAMBELU,BALIKPAPAN,2025-02-06 11:00:00,0.1913140168756297,2025-02-06 06:24:30.468941946,2025-02-24 11:00:00,2025-02-24 11:00:00,2025-02-24 13:00:00,432.0,0.0
KM GUNUNG DEMPO,WASIOR,2025-02-07 06:00:00,0.8488887551296529,2025-02-06 09:37:36.011556797,2025-02-25 14:00:00,2025-02-25 14:00:00,2025-02-25 15:00:00,440.0,0.0
KM WILIS,ENDE,2025-02-07 06:00:00,0.8405556680851071,2025-02-06 09:49:35.990277446,2025-02-07 06:00:00,2025-02-07 06:00:00,2025-02-07 08:00:00,0.0,0.0
KM KELUD,TANJUNG PRIOK,2025-02-06 23:00:00,0.5250911623371142,2025-02-06 10:23:52.123574073,2025-02-25 20:00:00,2025-02-26 12:00:00,2025-02-27 10:00:00,469.0,16.0
KM NGGAPULU,SURABAYA,2025-02-06 20:00:00,0.3755775790019665,2025-02-06 10:59:10.097174231,2025-02-25 10:00:00,2025-02-25 16:00:00,2025-02-25 20:00:00,452.0,6.0
KM SANGIANG,TERNATE,2025-02-07 13:00:00,0.991854754817814,2025-02-06 13:11:43.749183740,2025-02-07 13:00:00,2025-02-07 13:00:00,2025-02-07 16:00:00,0.0,0.0
KM KELUD,TANJUNG PRIOK,2025-02-06 23:00:00,0.3776607769610263,2025-02-06 13:56:10.108870566,2025-02-27 10:00:00,2025-02-27 10:00:00,2025-02-27 10:00:00,491.0,0.0
KM LABOBAR,AMBON,2025-02-06 19:00:00,0.1701495595798594,2025-02-06 14:54:59.078052299,2025-02-24 08:00:00,2025-02-24 08:00:00,2025-02-24 10:00:00,421.0,0.0
KM DOROLONDA,BALIKPAPAN,2025-02-06 15:00:00,0.0,2025-02-06 15:00:00.000000000,2025-02-25 16:00:00,2025-02-25 16:00:00,2025-02-25 18:00:00,457.0,0.0
KM PANGRANGO,SAUMLAKI,2025-02-06 19:00:00,0.1612432534565349,2025-02-06 15:07:48.582901355,2025-02-24 07:00:00,2025-02-24 07:00:00,2025-02-24 12:00:00,420.0,0.0
KM GUNUNG DEMPO,MANOKWARI,2025-02-07 14:00:00,0.8311146242450212,2025-02-06 18:03:11.696465229,2025-02-25 15:00:00,2025-02-25 15:00:00,2025-02-25 17:00:00,433.0,0.0
KM TIDAR,KUPANG,2025-02-07 07:00:00,0.5249709127445323,2025-02-06 18:24:02.513138872,2025-02-25 16:00:00,2025-02-25 16:00:00,2025-02-25 20:00:00,441.0,0.0
KM EGON,SURABAYA,2025-02-07 16:00:00,0.8535866625309175,2025-02-06 19:30:50.112357329,2025-02-07 16:00:00,2025-02-25 20:00:00,2025-02-26 00:00:00,436.0,436.0
KM BINAIYA,BENOA,2025-02-06 21:00:00,0.0114722968782115,2025-02-06 20:43:28.793549723,2025-02-24 16:00:00,2025-02-24 16:00:00,2025-02-24 20:00:00,427.0,0.0
KM CIREMAI,SURABAYA,2025-02-07 01:00:00,0.0887204671931713,2025-02-06 22:52:14.551634511,2025-02-26 12:00:00,2025-02-26 12:00:00,2025-02-26 16:00:00,467.0,0.0
KM DOROLONDA,PANTOLOAN,2025-02-07 05:00:00,0.2263845300573116,2025-02-06 23:34:00.376603050,2025-02-25 18:00:00,2025-02-25 18:00:00,2025-02-25 20:00:00,445.0,0.0
KM LAMBELU,TARAKAN,2025-02-07 15:00:00,0.638449273486702,2025-02-06 23:40:37.982770749,2025-02-24 13:00:00,2025-02-24 13:00:00,2025-02-24 16:00:00,406.0,0.0
KM SIRIMAU,SORONG,2025-02-07 04:00:00,0.1112791401857936,2025-02-07 01:19:45.482287948,2025-02-07 04:00:00,2025-02-25 02:00:00,2025-02-25 06:00:00,430.0,430.0
KM TIDAR,LARANTUKA,2025-02-08 00:00:00,0.7494913072140813,2025-02-07 06:00:43.951056704,2025-02-25 20:00:00,2025-02-25 20:00:00,2025-02-25 22:00:00,428.0,0.0
KM PANGRANGO,BANDA,2025-02-08 05:00:00,0.841191170463252,2025-02-07 08:48:41.082871976,2025-02-24 12:00:00,2025-02-24 12:00:00,2025-02-24 14:00:00,391.0,0.0
KM JETLINER,WANCI,2025-02-08 06:00:00,0.8491531660481875,2025-02-07 09:37:13.166453439,2025-02-08 06:00:00,2025-02-08 06:00:00,2025-02-08 08:00:00,0.0,0.0
KM SANGIANG,BACAN,2025-02-08 05:00:00,0.7576145874033416,2025-02-07 10:49:02.099648352,2025-02-08 05:00:00,2025-02-08 05:00:00,2025-02-08 07:00:00,0.0,0.0
KM BK SIGUNTANG,MAKASSAR,2025-02-08 07:00:00,0.8212965019521684,2025-02-07 11:17:19.982231333,2025-02-24 10:00:00,2025-02-25 10:00:00,2025-02-25 10:00:00,411.0,24.0
KM LABOBAR,BAU-BAU,2025-02-07 22:00:00,0.412646279849742,2025-02-07 12:05:47.361420982,2025-02-24 10:00:00,2025-02-25 10:00:00,2025-02-25 12:00:00,420.0,24.0
KM LAMBELU,NUNUKAN,2025-02-08 00:00:00,0.4744970699392642,2025-02-07 12:36:43.453157249,2025-02-24 16:00:00,2025-02-24 16:00:00,2025-02-24 19:00:00,400.0,0.0
KM WILIS,WAIKELO,2025-02-08 06:00:00,0.6987583694554769,2025-02-07 13:13:47.276879049,2025-02-08 06:00:00,2025-02-08 06:00:00,2025-02-08 07:00:00,0.0,0.0
KM WILIS,WAINGAPU,2025-02-07 19:00:00,0.2258365514837378,2025-02-07 13:34:47.721951804,2025-02-08 07:00:00,2025-02-08 07:00:00,2025-02-08 09:00:00,12.0,0.0
KM BK SIGUNTANG,PARE-PARE,2025-02-07 22:00:00,0.3284628982535384,2025-02-07 14:07:00.805590894,2025-02-25 10:00:00,2025-02-25 10:00:00,2025-02-25 14:00:00,420.0,0.0
KM GUNUNG DEMPO,SORONG,2025-02-08 05:00:00,0.6127658760906902,2025-02-07 14:17:37.028305763,2025-02-25 17:00:00,2025-02-25 17:00:00,2025-02-25 19:00:00,420.0,0.0
KM NGGAPULU,TANJUNG PRIOK,2025-02-08 02:00:00,0.4837836586184438,2025-02-07 14:23:21.091895366,2025-02-25 20:00:00,2025-02-27 10:00:00,2025-02-27 10:00:00,464.0,38.0
KM TIDAR,LEWOLEBA,2025-02-07 19:00:00,0.1343046815277145,2025-02-07 15:46:36.075516006,2025-02-25 22:00:00,2025-02-25 22:00:00,2025-02-26 00:00:00,435.0,0.0
KM BK SIGUNTANG,MAKASSAR,2025-02-08 07:00:00,0.5812888776368084,2025-02-07 17:02:56.640972182,2025-02-25 14:00:00,2025-02-25 14:00:00,2025-02-26 07:00:00,415.0,0.0
KM TIDAR,MAUMERE,2025-02-08 08:00:00,0.6012444317649652,2025-02-07 17:34:12.481095508,2025-02-26 00:00:00,2025-02-26 00:00:00,2025-02-26 02:00:00,424.0,0.0
KM BINAIYA,BIMA,2025-02-08 00:00:00,0.2229556664389096,2025-02-07 18:38:56.630419678,2025-02-24 20:00:00,2025-02-24 20:00:00,2025-02-24 23:00:00,404.0,0.0
KM DOROLONDA,BITUNG,2025-02-08 12:00:00,0.5054759157177088,2025-02-07 23:52:06.880881991,2025-02-25 20:00:00,2025-02-25 20:00:00,2025-02-25 23:00:00,416.0,0.0
KM BK RAYA,TANJUNG PRIOK,2025-02-09 01:00:00,0.9982657300913452,2025-02-08 01:02:29.840920109,2025-02-09 01:00:00,2025-02-27 10:00:00,2025-02-27 19:00:00,441.0,441.0
KM JETLINER,KENDARI,2025-02-08 21:00:00,0.763592307042817,2025-02-08 02:40:25.624671500,2025-02-08 21:00:00,2025-02-08 21:00:00,2025-02-08 21:00:00,0.0,0.0
KM LABOBAR,MAKASSAR,2025-02-08 14:00:00,0.3866440283418213,2025-02-08 04:43:13.955951266,2025-02-25 12:00:00,2025-02-26 07:00:00,2025-02-26 09:00:00,425.0,19.0
KM CIREMAI,MAKASSAR,2025-02-08 10:00:00,0.1673896060294288,2025-02-08 05:58:57.538039059,2025-02-26 16:00:00,2025-02-26 16:00:00,2025-02-26 20:00:00,438.0,0.0
KM JETLINER,KENDARI,2025-02-08 21:00:00,0.5462902021856919,2025-02-08 07:53:20.526531155,2025-02-08 21:00:00,2025-02-08 21:00:00,2025-02-09 07:00:00,0.0,0.0
KM TIDAR,BAU-BAU,2025-02-08 23:00:00,0.617026070725237,2025-02-08 08:11:28.947489339,2025-02-26 02:00:00,2025-02-26 02:00:00,2025-02-26 05:00:00,411.0,0.0
KM SANGIANG,SANANA,2025-02-09 06:00:00,0.8742040431528384,2025-02-08 09:01:08.770671596,2025-02-09 06:00:00,2025-02-09 06:00:00,2025-02-09 08:00:00,0.0,0.0
KM EGON,BATULICIN,2025-02-08 21:00:00,0.4343126845167979,2025-02-08 10:34:35.384057750,2025-02-26 00:00:00,2025-02-26 00:00:00,2025-02-26 03:00:00,411.0,0.0
KM SINABUNG,SURABAYA,2025-02-08 22:00:00,0.4526142674889803,2025-02-08 11:08:14.127288951,2025-02-08 22:00:00,2025-02-26 16:00:00,2025-02-27 13:00:00,426.0,426.0
KM DOROLONDA,TERNATE,2025-02-09 00:00:00,0.4916527486454589,2025-02-08 12:12:01.202517033,2025-02-25 23:00:00,2025-02-25 23:00:00,2025-02-26 01:00:00,407.0,0.0
KM WILIS,BIMA,2025-02-08 18:00:00,0.2356421294086633,2025-02-08 12:20:40.520019092,2025-02-08 18:00:00,2025-02-24 23:00:00,2025-02-25 01:00:00,389.0,389.0
KM BINAIYA,WAINGAPU,2025-02-08 17:00:00,0.1633660738478447,2025-02-08 13:04:45.171219548,2025-02-24 23:00:00,2025-02-24 23:00:00,2025-02-25 01:00:00,390.0,0.0
KM PANGRANGO,AMBON,2025-02-08 21:00:00,0.2746922545631093,2025-02-08 14:24:26.589205746,2025-02-24 14:00:00,2025-02-24 14:00:00,2025-02-25 10:00:00,377.0,0.0
KM LAMBELU,PANTOLOAN,2025-02-09 00:00:00,0.372727861355374,2025-02-08 15:03:16.312778896,2025-02-24 19:00:00,2025-02-25 20:00:00,2025-02-25 22:00:00,404.0,25.0
KM WILIS,LABUAN BAJO,2025-02-09 05:00:00,0.523059264409149,2025-02-08 16:26:47.679555048,2025-02-25 01:00:00,2025-02-25 01:00:00,2025-02-25 02:00:00,380.0,0.0
KM BK SIGUNTANG,PARE-PARE,2025-02-09 05:00:00,0.4694732725023792,2025-02-08 17:43:57.509255795,2025-02-26 07:00:00,2025-02-26 07:00:00,2025-02-26 11:00:00,410.0,0.0
KM KELUD,TANJUNG BALAI KARIMUN,2025-02-09 12:00:00,0.7574239120877149,2025-02-08 17:49:18.573995622,2025-02-27 10:00:00,2025-02-27 10:00:00,2025-02-27 11:00:00,430.0,0.0
KM SIRIMAU,AMBON,2025-02-08 18:00:00,0.0,2025-02-08 18:00:00.000000000,2025-02-25 06:00:00,2025-02-25 10:00:00,2025-02-25 13:00:00,400.0,4.0
KM KELUD,BATAM,2025-02-09 04:00:00,0.3596853296888208,2025-02-08 19:22:03.187514885,2025-02-27 11:00:00,2025-02-27 11:00:00,2025-02-27 16:00:00,439.0,0.0
KM BINAIYA,ENDE,2025-02-09 04:00:00,0.2586238308235787,2025-02-08 21:47:34.901016843,2025-02-25 01:00:00,2025-02-25 01:00:00,2025-02-25 03:00:00,381.0,0.0
KM LAMBELU,BALIKPAPAN,2025-02-09 15:00:00,0.6426054295809869,2025-02-08 23:34:38.890884202,2025-02-25 22:00:00,2025-02-25 22:00:00,2025-02-26 00:00:00,391.0,0.0
KM CIREMAI,BAU-BAU,2025-02-09 07:00:00,0.2270982220314306,2025-02-09 01:32:58.713616486,2025-02-26 20:00:00,2025-02-26 20:00:00,2025-02-26 22:00:00,421.0,0.0
KM SANGIANG,NAMLEA,2025-02-09 22:00:00,0.813887495644335,2025-02-09 02:28:00.120376330,2025-02-09 22:00:00,2025-02-24 01:00:00,2025-02-24 02:00:00,339.0,339.0
KM EGON,PARE-PARE,2025-02-09 20:00:00,0.6106995185916518,2025-02-09 05:20:35.561593680,2025-02-26 03:00:00,2025-02-26 11:00:00,2025-02-26 14:00:00,399.0,8.0
KM LABOBAR,SURABAYA,2025-02-09 20:00:00,0.4991396850142138,2025-02-09 08:01:14.331214773,2025-02-26 09:00:00,2025-02-27 13:00:00,2025-02-27 16:00:00,425.0,28.0
KM BK SIGUNTANG,BALIKPAPAN,2025-02-10 00:00:00,0.6300887103318327,2025-02-09 08:52:40.335427330,2025-02-26 11:00:00,2025-02-26 11:00:00,2025-02-26 13:00:00,395.0,0.0
KM WILIS,MAKASSAR,2025-02-10 06:00:00,0.8576697223839949,2025-02-09 09:24:57.335986023,2025-02-25 02:00:00,2025-02-26 20:00:00,2025-02-26 23:00:00,398.0,42.0
KM JETLINER,WANCI,2025-02-09 20:00:00,0.4215650932906201,2025-02-09 09:52:56.775939690,2025-02-09 20:00:00,2025-02-09 20:00:00,2025-02-09 22:00:00,0.0,0.0
KM TIDAR,MAKASSAR,2025-02-09 19:00:00,0.3758355521427211,2025-02-09 09:58:47.808294870,2025-02-26 05:00:00,2025-02-26 23:00:00,2025-02-27 04:00:00,412.0,18.0
KM DOROLONDA,SORONG,2025-02-09 21:00:00,0.3899798940281457,2025-02-09 11:38:25.737155970,2025-02-26 01:00:00,2025-02-26 01:00:00,2025-02-26 04:00:00,388.0,0.0
KM SANGIANG,AMBON,2025-02-10 09:00:00,0.8745495734989,2025-02-09 12:00:38.916849694,2025-02-24 02:00:00,2025-02-25 13:00:00,2025-02-25 17:00:00,364.0,35.0
KM BK RAYA,BLINYU,2025-02-10 14:00:00,0.997266206267568,2025-02-09 14:03:56.199778481,2025-02-27 19:00:00,2025-02-27 19:00:00,2025-02-27 20:00:00,413.0,0.0
KM PANGRANGO,BANDA,2025-02-10 07:00:00,0.6148423730604358,2025-02-09 16:14:37.618967580,2025-02-25 10:00:00,2025-02-25 10:00:00,2025-02-25 12:00:00,363.0,0.0
KM BINAIYA,KUPANG,2025-02-09 19:00:00,0.104118950884958,2025-02-09 16:30:04.122643540,2025-02-25 03:00:00,2025-02-25 20:00:00,2025-02-26 00:00:00,385.0,17.0
KM KELUD,BELAWAN,2025-02-10 11:00:00,0.593766729548007,2025-02-09 20:44:58.554567053,2025-02-27 16:00:00,2025-02-27 16:00:00,2025-02-28 12:00:00,413.0,0.0
KM CIREMAI,AMBON,2025-02-10 10:00:00,0.4335006731610822,2025-02-09 23:35:45.541838883,2025-02-26 22:00:00,2025-02-26 22:00:00,2025-02-27 01:00:00,396.0,0.0
KM LAMBELU,MAKASSAR,2025-02-10 17:00:00,0.6509025848856822,2025-02-10 01:22:42.016665879,2025-02-26 00:00:00,2025-02-27 04:00:00,2025-02-27 07:00:00,395.0,28.0
KM LEUSER,SURABAYA,2025-02-10 06:00:00,0.168892557245757,2025-02-10 01:56:47.683053968,2025-02-10 06:00:00,2025-02-27 16:00:00,2025-02-27 23:00:00,418.0,418.0
KM DOROLONDA,MANOKWARI,2025-02-10 12:00:00,0.4182273250884328,2025-02-10 01:57:45.159112361,2025-02-26 04:00:00,2025-02-26 04:00:00,2025-02-26 06:00:00,376.0,0.0
KM GUNUNG DEMPO,MAKASSAR,2025-02-10 08:00:00,0.2306123679045427,2025-02-10 02:27:55.091413048,2025-02-25 19:00:00,2025-02-27 07:00:00,2025-02-27 09:00:00,407.0,36.0
KM SIRIMAU,WANCI,2025-02-10 05:00:00,0.1008098436173174,2025-02-10 02:34:50.029511463,2025-02-25 13:00:00,2025-02-25 13:00:00,2025-02-25 15:00:00,368.0,0.0
KM LAMBELU,PARE-PARE,2025-02-10 09:00:00,0.0973198045655861,2025-02-10 06:39:51.568885534,2025-02-27 07:00:00,2025-02-27 07:00:00,2025-02-27 10:00:00,406.0,0.0
KM JETLINER,KENDARI,2025-02-10 11:00:00,0.1230595320253931,2025-02-10 08:02:47.656433008,2025-02-10 11:00:00,2025-02-10 11:00:00,2025-02-10 17:00:00,0.0,0.0
KM SIRIMAU,BAU-BAU,2025-02-10 17:00:00,0.3692556289055395,2025-02-10 08:08:16.313662562,2025-02-25 15:00:00,2025-02-26 22:00:00,2025-02-27 02:00:00,389.0,31.0
KM BINAIYA,WAINGAPU,2025-02-10 23:00:00,0.5763270416061022,2025-02-10 09:10:05.343605235,2025-02-26 00:00:00,2025-02-26 00:00:00,2025-02-26 01:00:00,361.0,0.0
KM DOROLONDA,NABIRE,2025-02-11 00:00:00,0.5773384145945969,2025-02-10 10:08:37.960979028,2025-02-26 06:00:00,2025-02-26 06:00:00,2025-02-26 08:00:00,366.0,0.0
KM BINAIYA,ENDE,2025-02-10 12:00:00,0.0239467113356361,2025-02-10 11:25:31.004140602,2025-02-26 01:00:00,2025-02-26 01:00:00,2025-02-26 03:00:00,373.0,0.0
KM EGON,BONTANG,2025-02-11 00:00:00,0.5211800538578084,2025-02-10 11:29:30.043346687,2025-02-26 14:00:00,2025-02-26 14:00:00,2025-02-26 18:00:00,374.0,0.0
KM LABOBAR,TANJUNG PRIOK,2025-02-11 00:00:00,0.5165972632426383,2025-02-10 11:36:05.996455838,2025-02-27 16:00:00,2025-02-27 19:00:00,2025-02-28 11:00:00,403.0,3.0
KM SANGIANG,BANDA,2025-02-11 05:00:00,0.6756492264767138,2025-02-10 12:47:03.906832413,2025-02-25 17:00:00,2025-02-25 17:00:00,2025-02-25 19:00:00,348.0,0.0
KM TIDAR,SURABAYA,2025-02-11 08:00:00,0.7998162645788278,2025-02-10 12:48:15.874740389,2025-02-27 04:00:00,2025-02-27 23:00:00,2025-02-28 02:00:00,399.0,19.0
KM WILIS,BATULICIN,2025-02-11 15:00:00,1.0,2025-02-10 15:00:00.000000000,2025-02-26 23:00:00,2025-02-26 23:00:00,2025-02-28 02:00:00,368.0,0.0
KM CIREMAI,SORONG,2025-02-11 11:00:00,0.7628352210085411,2025-02-10 16:41:31.036904862,2025-02-27 01:00:00,2025-02-27 01:00:00,2025-02-27 04:00:00,374.0,0.0
KM GUNUNG DEMPO,SURABAYA,2025-02-11 12:00:00,0.7404686702811665,2025-02-10 18:13:43.506887708,2025-02-27 09:00:00,2025-02-28 02:00:00,2025-02-28 04:00:00,398.0,17.0
KM LAMBELU,BAU-BAU,2025-02-11 11:00:00,0.590589047753138,2025-02-10 20:49:33.106274130,2025-02-27 10:00:00,2025-02-27 10:00:00,2025-02-27 12:00:00,383.0,0.0
KM JETLINER,KENDARI,2025-02-11 21:00:00,1.0,2025-02-10 21:00:00.000000000,2025-02-11 21:00:00,2025-02-11 21:00:00,2025-02-11 23:00:00,0.0,0.0
KM LABOBAR,TANJUNG PRIOK,2025-02-11 00:00:00,0.1023513491459059,2025-02-10 21:32:36.843433793,2025-02-28 11:00:00,2025-02-28 11:00:00,2025-02-28 11:00:00,419.0,0.0
KM BK SIGUNTANG,TARAKAN,2025-02-11 03:00:00,0.1754465823953587,2025-02-10 22:47:21.415281040,2025-02-26 13:00:00,2025-02-26 13:00:00,2025-02-26 17:00:00,370.0,0.0
KM JETLINER,WANCI,2025-02-11 06:00:00,0.2961696909520741,2025-02-10 22:53:30.938701740,2025-02-11 23:00:00,2025-02-25 15:00:00,2025-02-25 17:00:00,345.0,328.0
KM SIRIMAU,MAUMERE,2025-02-11 18:00:00,0.7241854670954414,2025-02-11 00:37:10.375642953,2025-02-27 02:00:00,2025-02-27 02:00:00,2025-02-27 04:00:00,368.0,0.0
KM SINABUNG,MAKASSAR,2025-02-11 02:00:00,0.0008576103561025,2025-02-11 01:58:45.902465235,2025-02-27 13:00:00,2025-02-27 13:00:00,2025-02-27 16:00:00,395.0,0.0
KM PANGRANGO,SAUMLAKI,2025-02-11 12:00:00,0.3945609234106166,2025-02-11 02:31:49.936217322,2025-02-25 12:00:00,2025-02-25 12:00:00,2025-02-25 16:00:00,336.0,0.0
KM SINABUNG,BAU-BAU,2025-02-11 22:00:00,0.8109448288700103,2025-02-11 02:32:14.366785632,2025-02-27 16:00:00,2025-02-27 16:00:00,2025-02-27 18:00:00,378.0,0.0
KM BK RAYA,LETUNG,2025-02-11 22:00:00,0.7808210415538278,2025-02-11 03:15:37.062009749,2025-02-27 20:00:00,2025-02-27 20:00:00,2025-02-27 21:00:00,382.0,0.0
KM SANGIANG,GESER,2025-02-11 17:00:00,0.532583162262063,2025-02-11 04:13:04.814780556,2025-02-25 19:00:00,2025-02-25 19:00:00,2025-02-25 21:00:00,338.0,0.0
KM BK RAYA,KIJANG,2025-02-11 06:00:00,0.0104302835829466,2025-02-11 05:44:58.823498433,2025-02-27 21:00:00,2025-02-27 21:00:00,2025-02-28 00:00:00,399.0,0.0
KM BINAIYA,BIMA,2025-02-11 14:00:00,0.2888316940034083,2025-02-11 07:04:04.941638105,2025-02-26 03:00:00,2025-02-26 03:00:00,2025-02-26 04:00:00,349.0,0.0
KM DOROLONDA,SERUI,2025-02-11 08:00:00,0.0,2025-02-11 08:00:00.000000000,2025-02-26 08:00:00,2025-02-26 08:00:00,2025-02-26 10:00:00,360.0,0.0
KM KELUD,BATAM,2025-02-12 09:00:00,1.0,2025-02-11 09:00:00.000000000,2025-02-28 12:00:00,2025-02-28 12:00:00,2025-02-28 15:00:00,387.0,0.0
KM SIRIMAU,LEWOLEBA,2025-02-12 06:00:00,0.8246809777222109,2025-02-11 10:12:27.563524802,2025-02-27 04:00:00,2025-02-27 04:00:00,2025-02-27 06:00:00,358.0,0.0
KM WILIS,BATULICIN,2025-02-11 15:00:00,0.1737854522915428,2025-02-11 10:49:44.936922011,2025-02-28 02:00:00,2025-02-28 02:00:00,2025-02-28 02:00:00,395.0,0.0
KM BK RAYA,TAREMPA,2025-02-12 04:00:00,0.7007898985728778,2025-02-11 11:10:51.752763304,2025-02-28 00:00:00,2025-02-28 00:00:00,2025-02-28 02:00:00,380.0,0.0
KM BK SIGUNTANG,NUNUKAN,2025-02-11 13:00:00,0.0522854477034858,2025-02-11 11:44:42.537318418,2025-02-26 17:00:00,2025-02-26 17:00:00,2025-02-26 20:00:00,364.0,0.0
KM EGON,PARE-PARE,2025-02-12 05:00:00,0.6682645735519099,2025-02-11 12:57:41.940845115,2025-02-26 18:00:00,2025-02-27 10:00:00,2025-02-27 13:00:00,365.0,16.0
KM LAMBELU,LARANTUKA,2025-02-12 09:00:00,0.8098327582485524,2025-02-11 13:33:50.449687326,2025-02-27 12:00:00,2025-02-27 12:00:00,2025-02-27 14:00:00,363.0,0.0
KM BINAIYA,BENOA,2025-02-12 14:00:00,1.0,2025-02-11 14:00:00.000000000,2025-02-26 04:00:00,2025-02-26 04:00:00,2025-02-26 22:00:00,326.0,0.0
KM LAMBELU,MAUMERE,2025-02-12 02:00:00,0.4206887438460827,2025-02-11 15:54:12.492531699,2025-02-27 14:00:00,2025-02-27 14:00:00,2025-02-27 16:00:00,372.0,0.0
KM LEUSER,BENOA,2025-02-11 17:00:00,0.0,2025-02-11 17:00:00.000000000,2025-02-27 23:00:00,2025-02-27 23:00:00,2025-02-28 01:00:00,390.0,0.0
KM KELUD,TANJUNG BALAI KARIMUN,2025-02-12 05:00:00,0.495570894880687,2025-02-11 17:06:22.674682311,2025-02-28 15:00:00,2025-02-28 15:00:00,2025-02-28 16:00:00,394.0,0.0
KM CIREMAI,SERUI,2025-02-12 14:00:00,0.8310046154482035,2025-02-11 18:03:21.201225275,2025-02-27 04:00:00,2025-02-27 04:00:00,2025-02-27 06:00:00,350.0,0.0
KM LABOBAR,SURABAYA,2025-02-12 17:00:00,0.9144013502850016,2025-02-11 19:03:15.723335376,2025-02-28 11:00:00,2025-02-28 11:00:00,2025-02-28 15:00:00,378.0,0.0
KM PANGRANGO,BANDA,2025-02-12 20:00:00,1.0,2025-02-11 20:00:00.000000000,2025-02-25 16:00:00,2025-02-25 19:00:00,2025-02-25 21:00:00,311.0,3.0
KM JETLINER,RAHA,2025-02-12 07:00:00,0.3541001032892915,2025-02-11 22:30:05.751075806,2025-02-25 17:00:00,2025-02-25 17:00:00,2025-02-25 18:00:00,322.0,0.0
KM GUNUNG DEMPO,TANJUNG PRIOK,2025-02-12 15:00:00,0.6178986905948151,2025-02-12 00:10:13.553132607,2025-02-28 04:00:00,2025-02-28 11:00:00,2025-02-28 11:00:00,380.0,7.0
KM BINAIYA,BENOA,2025-02-12 14:00:00,0.5470072163595483,2025-02-12 00:52:18.576506536,2025-02-26 22:00:00,2025-02-28 01:00:00,2025-02-28 01:00:00,371.0,27.0
KM LEUSER,BIMA,2025-02-12 17:00:00,0.6538485933241152,2025-02-12 01:18:27.481536796,2025-02-28 01:00:00,2025-02-28 01:00:00,2025-02-28 03:00:00,368.0,0.0
KM SINABUNG,BANGGAI,2025-02-12 18:00:00,0.6875418915558769,2025-02-12 01:29:56.380569573,2025-02-27 18:00:00,2025-02-27 18:00:00,2025-02-27 19:00:00,360.0,0.0
KM SIRIMAU,KUPANG,2025-02-12 21:00:00,0.7784810087706224,2025-02-12 02:18:59.240842218,2025-02-27 06:00:00,2025-02-27 06:00:00,2025-02-27 12:00:00,345.0,0.0
KM SANGIANG,FAK-FAK,2025-02-12 07:00:00,0.1504956796872807,2025-02-12 03:23:17.173275018,2025-02-25 21:00:00,2025-02-25 21:00:00,2025-02-26 06:00:00,326.0,0.0
KM DOROLONDA,JAYAPURA,2025-02-12 05:00:00,0.0,2025-02-12 05:00:00.000000000,2025-02-26 10:00:00,2025-02-26 10:00:00,2025-02-26 16:00:00,341.0,0.0
KM TIDAR,TANJUNG PRIOK,2025-02-12 15:00:00,0.3951571000952925,2025-02-12 05:30:58.426551767,2025-02-28 02:00:00,2025-02-28 11:00:00,2025-02-28 14:00:00,380.0,9.0
KM BK RAYA,MIDAI,2025-02-13 00:00:00,0.709504823570686,2025-02-12 06:58:18.783243495,2025-02-28 02:00:00,2025-02-28 02:00:00,2025-02-28 04:00:00,362.0,0.0
KM JETLINER,WANCI,2025-02-13 07:00:00,0.9192304477319804,2025-02-12 08:56:18.489315956,2025-02-25 18:00:00,2025-02-25 18:00:00,2025-02-25 20:00:00,299.0,0.0
KM BK RAYA,NATUNA,2025-02-12 17:00:00,0.1463373397047412,2025-02-12 13:29:16.453849510,2025-02-28 04:00:00,2025-02-28 04:00:00,2025-02-28 07:00:00,371.0,0.0
KM BK SIGUNTANG,PARE-PARE,2025-02-13 12:00:00,0.9326115145716156,2025-02-12 13:37:02.365141012,2025-02-26 20:00:00,2025-02-27 13:00:00,2025-02-27 17:00:00,337.0,17.0
KM JETLINER,KENDARI,2025-02-12 16:00:00,0.0371019837532763,2025-02-12 15:06:34.388603716,2025-02-25 20:00:00,2025-02-25 20:00:00,2025-02-25 22:00:00,316.0,0.0
KM BK SIGUNTANG,BALIKPAPAN,2025-02-12 19:00:00,0.1450850196557008,2025-02-12 15:31:04.654301747,2025-02-27 17:00:00,2025-02-27 17:00:00,2025-02-27 19:00:00,358.0,0.0
KM PANGRANGO,AMBON,2025-02-13 12:00:00,0.8389947149617081,2025-02-12 15:51:50.856627309,2025-02-25 21:00:00,2025-02-27 01:00:00,2025-02-27 01:00:00,325.0,28.0
KM DOROLONDA,SERUI,2025-02-13 06:00:00,0.5411298012309684,2025-02-12 17:00:46.385173646,2025-02-26 16:00:00,2025-02-27 06:00:00,2025-02-27 08:00:00,336.0,14.0
KM DOROLONDA,NABIRE,2025-02-13 14:00:00,0.7348331712443965,2025-02-12 20:21:50.414004483,2025-02-27 08:00:00,2025-02-27 08:00:00,2025-02-27 10:00:00,330.0,0.0
KM BK RAYA,SERASAN,2025-02-13 10:00:00,0.5656819119130301,2025-02-12 20:25:25.082810714,2025-02-28 07:00:00,2025-02-28 07:00:00,2025-02-28 09:00:00,357.0,0.0
KM LEUSER,LABUAN BAJO,2025-02-13 03:00:00,0.2074639868775248,2025-02-12 22:01:15.111533781,2025-02-28 03:00:00,2025-02-28 03:00:00,2025-02-28 05:00:00,360.0,0.0
KM LAMBELU,BAU-BAU,2025-02-12 23:00:00,0.021245980810182,2025-02-12 22:29:24.347258002,2025-02-27 16:00:00,2025-02-27 18:00:00,2025-02-27 20:00:00,355.0,2.0
KM SINABUNG,BITUNG,2025-02-13 10:00:00,0.4706191394279866,2025-02-12 22:42:18.506353421,2025-02-27 19:00:00,2025-02-27 19:00:00,2025-02-27 22:00:00,345.0,0.0
KM SANGIANG,BANDA,2025-02-13 17:00:00,0.6928773819063148,2025-02-13 00:22:15.394203293,2025-02-26 06:00:00,2025-02-26 06:00:00,2025-02-26 08:00:00,301.0,0.0
KM BK SIGUNTANG,MAKASSAR,2025-02-13 21:00:00,0.8047976478868014,2025-02-13 01:41:05.483222582,2025-02-27 19:00:00,2025-02-27 19:00:00,2025-02-27 22:00:00,334.0,0.0
KM EGON,BONTANG,2025-02-13 08:00:00,0.2602235937536389,2025-02-13 01:45:16.681499687,2025-02-27 13:00:00,2025-02-27 13:00:00,2025-02-27 20:00:00,341.0,0.0
KM LAMBELU,PARE-PARE,2025-02-14 01:00:00,0.9411510324235448,2025-02-13 02:24:44.550798606,2025-02-27 20:00:00,2025-02-27 20:00:00,2025-02-28 01:00:00,331.0,0.0
KM KELUD,TANJUNG PRIOK,2025-02-13 18:00:00,0.639665731240606,2025-02-13 02:38:52.880820810,2025-02-28 16:00:00,2025-02-28 16:00:00,2025-02-28 16:00:00,358.0,0.0
KM KELUD,TANJUNG PRIOK,2025-02-13 18:00:00,0.6360775357628218,2025-02-13 02:44:02.900910092,2025-02-28 16:00:00,2025-02-28 16:00:00,2025-03-01 19:00:00,358.0,0.0
KM LAMBELU,MAKASSAR,2025-02-13 16:00:00,0.5396386428304842,2025-02-13 03:02:55.221259445,2025-02-28 01:00:00,2025-02-28 01:00:00,2025-02-28 05:00:00,345.0,0.0
KM SANGIANG,GESER,2025-02-13 05:00:00,0.0419151322785315,2025-02-13 03:59:38.532571134,2025-02-26 08:00:00,2025-02-26 08:00:00,2025-02-26 10:00:00,315.0,0.0
KM CIREMAI,JAYAPURA,2025-02-13 11:00:00,0.1449963671099241,2025-02-13 07:31:12.313881704,2025-02-27 06:00:00,2025-02-27 06:00:00,2025-02-27 12:00:00,331.0,0.0
KM LEUSER,MAKASSAR,2025-02-14 02:00:00,0.7448478355100667,2025-02-13 08:07:25.147011929,2025-02-28 05:00:00,2025-02-28 05:00:00,2025-02-28 08:00:00,339.0,0.0
KM JETLINER,KENDARI,2025-02-13 22:00:00,0.529431899211054,2025-02-13 09:17:37.083908166,2025-02-25 22:00:00,2025-02-25 22:00:00,2025-02-26 17:00:00,288.0,0.0
KM SIRIMAU,KALABAHI,2025-02-13 18:00:00,0.2582934359168222,2025-02-13 11:48:03.447136786,2025-02-27 12:00:00,2025-02-27 12:00:00,2025-02-27 14:00:00,330.0,0.0
KM PANGRANGO,AMBON,2025-02-13 12:00:00,0.0,2025-02-13 12:00:00.000000000,2025-02-27 01:00:00,2025-02-27 01:00:00,2025-02-28 05:00:00,325.0,0.0
KM SINABUNG,BACAN,2025-02-14 09:00:00,0.7658524389147103,2025-02-13 14:37:10.349277770,2025-02-27 22:00:00,2025-02-27 22:00:00,2025-02-27 23:00:00,325.0,0.0
KM WILIS,MAKASSAR,2025-02-14 00:00:00,0.3636571688404793,2025-02-13 15:16:20.020612181,2025-02-28 02:00:00,2025-02-28 08:00:00,2025-02-28 16:00:00,344.0,6.0
KM LABOBAR,MAKASSAR,2025-02-14 00:00:00,0.3332126723707206,2025-02-13 16:00:10.425107171,2025-02-28 15:00:00,2025-02-28 16:00:00,2025-02-28 19:00:00,352.0,1.0
KM BINAIYA,BIMA,2025-02-14 07:00:00,0.6247896660232234,2025-02-13 16:00:18.172855595,2025-02-28 01:00:00,2025-02-28 03:00:00,2025-02-28 05:00:00,332.0,2.0
KM DOROLONDA,MANOKWARI,2025-02-14 02:00:00,0.195178917569606,2025-02-13 21:18:56.541521985,2025-02-27 10:00:00,2025-02-27 10:00:00,2025-02-27 12:00:00,320.0,0.0
KM TIDAR,KIJANG,2025-02-14 05:00:00,0.2932790175450572,2025-02-13 21:57:40.692884109,2025-02-28 14:00:00,2025-02-28 14:00:00,2025-02-28 14:00:00,345.0,0.0
KM TIDAR,KIJANG,2025-02-14 05:00:00,0.282139362329088,2025-02-13 22:13:43.159094768,2025-02-28 14:00:00,2025-02-28 14:00:00,2025-02-28 18:00:00,345.0,0.0
KM CIREMAI,SERUI,2025-02-14 15:00:00,0.6873347679808253,2025-02-13 22:30:14.276046456,2025-02-27 12:00:00,2025-02-27 12:00:00,2025-02-27 14:00:00,309.0,0.0
KM EGON,PARE-PARE,2025-02-14 16:00:00,0.6912636813333223,2025-02-13 23:24:34.817932800,2025-02-27 20:00:00,2025-02-28 01:00:00,2025-02-28 03:00:00,321.0,5.0
KM SINABUNG,TERNATE,2025-02-14 00:00:00,0.0,2025-02-14 00:00:00.000000000,2025-02-27 23:00:00,2025-02-27 23:00:00,2025-02-28 01:00:00,335.0,0.0
KM BK RAYA,PONTIANAK,2025-02-14 06:00:00,0.2470186283369841,2025-02-14 00:04:17.590511684,2025-02-28 09:00:00,2025-02-28 09:00:00,2025-02-28 11:00:00,339.0,0.0
KM BINAIYA,LABUAN BAJO,2025-02-14 17:00:00,0.582693419687238,2025-02-14 03:00:55.288539022,2025-02-28 05:00:00,2025-02-28 05:00:00,2025-02-28 07:00:00,324.0,0.0
KM SANGIANG,AMBON,2025-02-14 13:00:00,0.3984481224177427,2025-02-14 03:26:14.082223107,2025-02-26 10:00:00,2025-02-28 05:00:00,2025-02-28 16:00:00,328.0,43.0
KM BK SIGUNTANG,MAUMERE,2025-02-14 18:00:00,0.5986346586465003,2025-02-14 03:37:57.965492943,2025-02-27 22:00:00,2025-02-27 22:00:00,2025-02-28 00:00:00,316.0,0.0
KM DOROLONDA,SORONG,2025-02-14 16:00:00,0.4008238567312227,2025-02-14 06:22:48.818778424,2025-02-27 12:00:00,2025-02-27 12:00:00,2025-02-27 15:00:00,308.0,0.0
KM LAMBELU,BALIKPAPAN,2025-02-14 22:00:00,0.6171084049453449,2025-02-14 07:11:21.833812724,2025-02-28 05:00:00,2025-02-28 05:00:00,2025-02-28 07:00:00,319.0,0.0
KM LEUSER,BAU-BAU,2025-02-15 03:00:00,0.762347397582446,2025-02-14 08:42:13.184848876,2025-02-28 08:00:00,2025-02-28 08:00:00,2025-02-28 10:00:00,317.0,0.0
KM WILIS,LABUAN BAJO,2025-02-15 08:00:00,0.9665652911122996,2025-02-14 08:48:08.758847898,2025-02-28 16:00:00,2025-02-28 16:00:00,2025-02-28 17:00:00,320.0,0.0
KM SINABUNG,SORONG,2025-02-15 01:00:00,0.6401963432356081,2025-02-14 09:38:07.035944442,2025-02-28 01:00:00,2025-02-28 01:00:00,2025-02-28 04:00:00,312.0,0.0
KM JETLINER,WANCI,2025-02-15 06:00:00,0.6477038497552824,2025-02-14 14:27:18.387381143,2025-02-26 17:00:00,2025-02-26 17:00:00,2025-02-26 19:00:00,275.0,0.0
KM LABOBAR,BAU-BAU,2025-02-14 18:00:00,0.0826691174715024,2025-02-14 16:00:57.388250463,2025-02-28 19:00:00,2025-02-28 19:00:00,2025-02-28 21:00:00,337.0,0.0
KM LAWIT,KUMAI,2025-02-15 02:00:00,0.4013140845498122,2025-02-14 16:22:06.463094898,2025-02-15 02:00:00,2025-02-15 02:00:00,2025-02-15 04:00:00,0.0,0.0
KM BK SIGUNTANG,LEWOLEBA,2025-02-15 02:00:00,0.171567550521846,2025-02-14 21:52:56.563634914,2025-02-28 00:00:00,2025-02-28 00:00:00,2025-02-28 02:00:00,310.0,0.0
KM BINAIYA,MAKASSAR,2025-02-15 14:00:00,0.5803195885053303,2025-02-15 00:04:20.387553140,2025-02-28 07:00:00,2025-02-28 19:00:00,2025-03-01 00:00:00,317.0,12.0
KM JETLINER,KENDARI,2025-02-15 21:00:00,0.8616435083753173,2025-02-15 00:19:14.000876372,2025-02-26 19:00:00,2025-02-26 19:00:00,2025-02-26 19:00:00,262.0,0.0
KM JETLINER,KENDARI,2025-02-15 21:00:00,0.8597223626131367,2025-02-15 00:21:59.987870226,2025-02-26 19:00:00,2025-02-26 19:00:00,2025-02-27 05:00:00,262.0,0.0
KM SANGIANG,NAMLEA,2025-02-15 11:00:00,0.4207371320336176,2025-02-15 00:54:08.311792295,2025-02-28 16:00:00,2025-02-28 16:00:00,2025-02-28 21:00:00,317.0,0.0
KM PANGRANGO,BANDA,2025-02-15 06:00:00,0.2042867454780094,2025-02-15 01:05:49.625190701,2025-02-28 05:00:00,2025-02-28 05:00:00,2025-03-01 15:00:00,311.0,0.0
KM WILIS,BIMA,2025-02-15 18:00:00,0.685341042043971,2025-02-15 01:33:06.533967402,2025-02-28 17:00:00,2025-02-28 17:00:00,2025-02-28 18:00:00,311.0,0.0
KM LEUSER,WANCI,2025-02-15 13:00:00,0.474192682951743,2025-02-15 01:37:09.752192969,2025-02-28 10:00:00,2025-02-28 10:00:00,2025-02-28 12:00:00,309.0,0.0
KM BK SIGUNTANG,KUPANG,2025-02-15 11:00:00,0.300187771549716,2025-02-15 03:47:43.776538106,2025-02-28 02:00:00,2025-02-28 02:00:00,2025-02-28 08:00:00,303.0,0.0
KM DOROLONDA,BITUNG,2025-02-16 00:00:00,0.7468065980212841,2025-02-15 06:04:35.909930961,2025-02-27 15:00:00,2025-02-27 22:00:00,2025-02-28 00:00:00,286.0,7.0
KM KELUD,BATAM,2025-02-16 04:00:00,0.8808607372142246,2025-02-15 06:51:33.632304693,2025-03-01 19:00:00,2025-03-01 19:00:00,2025-03-02 00:00:00,327.0,0.0
KM DOROLONDA,TERNATE,2025-02-15 14:00:00,0.2300597231496569,2025-02-15 08:28:42.839919869,2025-02-28 00:00:00,2025-02-28 01:00:00,2025-02-28 03:00:00,299.0,1.0
KM LABOBAR,AMBON,2025-02-15 20:00:00,0.4708283591025375,2025-02-15 08:42:00.429773541,2025-02-28 21:00:00,2025-02-28 21:00:00,2025-03-01 00:00:00,313.0,0.0
KM SINABUNG,BIAK,2025-02-16 06:00:00,0.875670073665463,2025-02-15 08:59:02.105635305,2025-02-28 04:00:00,2025-02-28 04:00:00,2025-02-28 06:00:00,286.0,0.0
KM CIREMAI,SORONG,2025-02-15 16:00:00,0.2919691295582826,2025-02-15 08:59:33.867206164,2025-02-27 14:00:00,2025-02-28 04:00:00,2025-02-28 07:00:00,300.0,14.0
KM WILIS,WAIKELO,2025-02-16 06:00:00,0.8483923535980843,2025-02-15 09:38:18.900649126,2025-02-28 18:00:00,2025-02-28 18:00:00,2025-02-28 19:00:00,300.0,0.0
KM EGON,BATULICIN,2025-02-15 16:00:00,0.2119473575774454,2025-02-15 10:54:47.748305308,2025-02-28 03:00:00,2025-02-28 03:00:00,2025-02-28 06:00:00,299.0,0.0
KM BINAIYA,AWERANGE,2025-02-16 01:00:00,0.5789604206878648,2025-02-15 11:06:17.819652568,2025-03-01 00:00:00,2025-03-01 00:00:00,2025-03-01 02:00:00,311.0,0.0
KM SIRIMAU,SAUMLAKI,2025-02-15 15:00:00,0.1547828711511886,2025-02-15 11:17:06.759932536,2025-02-27 14:00:00,2025-02-27 14:00:00,2025-02-27 16:00:00,287.0,0.0
KM LAMBELU,PANTOLOAN,2025-02-15 13:00:00,0.0287553560848876,2025-02-15 12:18:35.537234267,2025-02-28 07:00:00,2025-02-28 07:00:00,2025-02-28 09:00:00,306.0,0.0
KM SINABUNG,MANOKWARI,2025-02-15 18:00:00,0.2306872878947586,2025-02-15 12:27:48.618325894,2025-02-28 06:00:00,2025-02-28 06:00:00,2025-02-28 08:00:00,300.0,0.0
KM SIRIMAU,TUAL,2025-02-16 13:00:00,0.8607246272953731,2025-02-15 16:20:33.392201680,2025-02-27 16:00:00,2025-02-27 16:00:00,2025-02-27 22:00:00,267.0,0.0
KM BK SIGUNTANG,MAUMERE,2025-02-16 09:00:00,0.6394159680240888,2025-02-15 17:39:14.460362720,2025-02-28 08:00:00,2025-02-28 08:00:00,2025-02-28 09:00:00,287.0,0.0
KM TIDAR,TANJUNG PRIOK,2025-02-15 21:00:00,0.1209629548187884,2025-02-15 18:05:48.800703657,2025-02-28 18:00:00,2025-03-01 19:00:00,2025-03-02 01:00:00,334.0,25.0
KM BK RAYA,SURABAYA,2025-02-16 05:00:00,0.4322247047804219,2025-02-15 18:37:35.785506972,2025-02-28 11:00:00,2025-02-28 15:00:00,2025-02-28 19:00:00,298.0,4.0
KM WILIS,WAINGAPU,2025-02-16 16:00:00,0.8876473008919428,2025-02-15 18:41:47.273202935,2025-02-28 19:00:00,2025-02-28 19:00:00,2025-02-28 23:00:00,291.0,0.0
KM LEUSER,NAMROLE,2025-02-16 12:00:00,0.5574513287377473,2025-02-15 22:37:16.205197059,2025-02-28 12:00:00,2025-02-28 12:00:00,2025-02-28 14:00:00,288.0,0.0
KM LABOBAR,TUAL,2025-02-16 21:00:00,0.9275482186293232,2025-02-15 22:44:19.833910426,2025-03-01 00:00:00,2025-03-01 00:00:00,2025-03-01 03:00:00,291.0,0.0
KM SANGIANG,SANANA,2025-02-16 06:00:00,0.289141424982979,2025-02-15 23:03:38.180881473,2025-02-28 21:00:00,2025-02-28 21:00:00,2025-02-28 23:00:00,303.0,0.0
KM CIREMAI,AMBON,2025-02-16 17:00:00,0.7453843738839314,2025-02-15 23:06:38.790096430,2025-02-28 07:00:00,2025-03-01 00:00:00,2025-03-01 03:00:00,295.0,17.0
KM BK SIGUNTANG,LEWOLEBA,2025-02-16 00:00:00,0.0017810720541112,2025-02-15 23:57:26.115374524,2025-02-28 09:00:00,2025-02-28 09:00:00,2025-02-28 11:00:00,297.0,0.0
KM LAMBELU,NUNUKAN,2025-02-16 20:00:00,0.7868982550016167,2025-02-16 01:06:51.990767860,2025-02-28 09:00:00,2025-02-28 09:00:00,2025-02-28 12:00:00,277.0,0.0
KM LAWIT,SURABAYA,2025-02-16 09:00:00,0.3092344667006916,2025-02-16 01:34:42.142077059,2025-02-16 09:00:00,2025-02-28 19:00:00,2025-03-01 00:00:00,298.0,298.0
KM LAMBELU,TARAKAN,2025-02-16 10:00:00,0.3250769386836015,2025-02-16 02:11:53.352497739,2025-02-28 12:00:00,2025-02-28 12:00:00,2025-02-28 16:00:00,290.0,0.0
KM LABOBAR,BANDA,2025-02-16 07:00:00,0.1846606627533838,2025-02-16 02:34:05.318738109,2025-03-01 03:00:00,2025-03-01 15:00:00,2025-03-01 17:00:00,320.0,12.0
KM BINAIYA,BONTANG,2025-02-17 06:00:00,1.0,2025-02-16 06:00:00.000000000,2025-03-01 02:00:00,2025-03-01 02:00:00,2025-03-01 05:00:00,284.0,0.0
KM WILIS,ENDE,2025-02-17 07:00:00,1.0,2025-02-16 07:00:00.000000000,2025-02-28 23:00:00,2025-02-28 23:00:00,2025-03-01 01:00:00,280.0,0.0
KM GUNUNG DEMPO,TANJUNG PRIOK,2025-02-16 14:00:00,0.2783418221660048,2025-02-16 07:19:11.266564858,2025-02-28 11:00:00,2025-03-02 01:00:00,2025-03-02 14:00:00,323.0,38.0
KM SINABUNG,JAYAPURA,2025-02-17 04:00:00,0.8553839596822803,2025-02-16 07:28:14.825883450,2025-02-28 08:00:00,2025-02-28 08:00:00,2025-02-28 12:00:00,268.0,0.0
KM KELUD,TANJUNG BALAI KARIMUN,2025-02-16 12:00:00,0.1782240443142387,2025-02-16 07:43:21.442571249,2025-03-02 00:00:00,2025-03-02 00:00:00,2025-03-02 01:00:00,324.0,0.0
KM EGON,SURABAYA,2025-02-16 20:00:00,0.3209312161366983,2025-02-16 12:17:51.542925789,2025-02-28 06:00:00,2025-03-01 00:00:00,2025-03-01 04:00:00,292.0,18.0
KM SIRIMAU,DOBO,2025-02-17 06:00:00,0.6783790466509865,2025-02-16 13:43:08.050369354,2025-02-27 22:00:00,2025-02-27 22:00:00,2025-02-28 00:00:00,256.0,0.0
KM JETLINER,KENDARI,2025-02-17 11:00:00,0.7988893665925874,2025-02-16 15:49:35.958726401,2025-02-27 05:00:00,2025-02-27 05:00:00,2025-02-27 11:00:00,234.0,0.0
KM SANGIANG,BACAN,2025-02-17 05:00:00,0.4611687699435414,2025-02-16 17:55:55.018276879,2025-02-28 23:00:00,2025-02-28 23:00:00,2025-03-01 01:00:00,282.0,0.0
KM JETLINER,WANCI,2025-02-16 20:00:00,0.083461340679589,2025-02-16 17:59:48.940165284,2025-02-27 11:00:00,2025-02-28 12:00:00,2025-02-28 14:00:00,280.0,25.0
KM DOROLONDA,BALIKPAPAN,2025-02-17 19:00:00,1.0,2025-02-16 19:00:00.000000000,2025-02-28 03:00:00,2025-02-28 07:00:00,2025-02-28 09:00:00,252.0,4.0
KM BK SIGUNTANG,MAKASSAR,2025-02-17 04:00:00,0.3163132429314242,2025-02-16 20:24:30.535810726,2025-02-28 11:00:00,2025-03-01 00:00:00,2025-03-01 06:00:00,284.0,13.0
KM TIDAR,SURABAYA,2025-02-17 08:00:00,0.418450325593964,2025-02-16 21:57:25.891868682,2025-03-02 01:00:00,2025-03-02 01:00:00,2025-03-02 03:00:00,305.0,0.0
KM DOROLONDA,PANTOLOAN,2025-02-17 05:00:00,0.2930053876860448,2025-02-16 21:58:04.334503926,2025-02-28 09:00:00,2025-02-28 09:00:00,2025-02-28 11:00:00,268.0,0.0
KM LEUSER,AMBON,2025-02-17 00:00:00,0.0545993839224128,2025-02-16 22:41:22.613229104,2025-02-28 14:00:00,2025-03-01 03:00:00,2025-03-01 06:00:00,291.0,13.0
KM LABOBAR,KAIMANA,2025-02-17 20:00:00,0.8289047962853242,2025-02-17 00:06:22.625600948,2025-03-01 17:00:00,2025-03-01 17:00:00,2025-03-01 19:00:00,285.0,0.0
KM PANGRANGO,AMBON,2025-02-17 06:00:00,0.203812059813952,2025-02-17 01:06:30.638032074,2025-03-01 15:00:00,2025-03-01 15:00:00,2025-03-02 05:00:00,297.0,0.0
KM WILIS,KUPANG,2025-02-18 01:00:00,0.925054583544926,2025-02-17 02:47:55.283981720,2025-03-01 01:00:00,2025-03-01 01:00:00,2025-03-01 09:00:00,264.0,0.0
KM LABOBAR,DOBO,2025-02-17 08:00:00,0.1850792492520454,2025-02-17 03:33:29.152864624,2025-03-01 19:00:00,2025-03-01 19:00:00,2025-03-01 22:00:00,299.0,0.0
KM BK SIGUNTANG,PARE-PARE,2025-02-17 15:00:00,0.4675873486079941,2025-02-17 03:46:40.453080269,2025-03-01 06:00:00,2025-03-01 06:00:00,2025-03-01 10:00:00,279.0,0.0
KM EGON,LEMBAR,2025-02-17 22:00:00,0.7305520419527711,2025-02-17 04:28:00.303575279,2025-03-01 04:00:00,2025-03-01 04:00:00,2025-03-01 07:00:00,270.0,0.0
KM KELUD,BELAWAN,2025-02-17 11:00:00,0.2654047268410391,2025-02-17 04:37:49.031600934,2025-03-02 01:00:00,2025-03-02 01:00:00,2025-03-03 00:00:00,302.0,0.0
KM LAMBELU,BALIKPAPAN,2025-02-18 02:00:00,0.7513673993335854,2025-02-17 07:58:01.856697579,2025-02-28 16:00:00,2025-02-28 16:00:00,2025-02-28 18:00:00,254.0,0.0
KM CIREMAI,BAU-BAU,2025-02-17 21:00:00,0.4682081915098548,2025-02-17 09:45:46.812253547,2025-03-01 03:00:00,2025-03-01 03:00:00,2025-03-01 05:00:00,270.0,0.0
KM BK RAYA,PONTIANAK,2025-02-18 09:00:00,0.9588374311705636,2025-02-17 09:59:16.445946862,2025-02-28 19:00:00,2025-02-28 19:00:00,2025-02-28 21:00:00,250.0,0.0
KM SANGIANG,TERNATE,2025-02-17 19:00:00,0.2898041079678127,2025-02-17 12:02:40.925071580,2025-03-01 01:00:00,2025-03-01 01:00:00,2025-03-01 03:00:00,270.0,0.0
KM PANGRANGO,NAMROLE,2025-02-18 06:00:00,0.7451186353181453,2025-02-17 12:07:01.749908514,2025-03-02 05:00:00,2025-03-02 05:00:00,2025-03-02 07:00:00,287.0,0.0
KM LAWIT,BENOA,2025-02-17 19:00:00,0.1917084955298506,2025-02-17 14:23:56.385986223,2025-03-01 00:00:00,2025-03-01 00:00:00,2025-03-01 05:00:00,269.0,0.0
KM BK SIGUNTANG,BALIKPAPAN,2025-02-18 11:00:00,0.8465956322844985,2025-02-17 14:40:54.137370620,2025-03-01 10:00:00,2025-03-01 10:00:00,2025-03-01 12:00:00,263.0,0.0
KM JETLINER,WANCI,2025-02-18 06:00:00,0.5810050506238844,2025-02-17 16:03:21.163626098,2025-02-28 14:00:00,2025-02-28 14:00:00,2025-02-28 16:00:00,248.0,0.0
KM SIRIMAU,TIMIKA,2025-02-18 03:00:00,0.4521647265608672,2025-02-17 16:08:52.967625141,2025-02-28 00:00:00,2025-02-28 00:00:00,2025-02-28 03:00:00,237.0,0.0
KM SINABUNG,BIAK,2025-02-18 08:00:00,0.6227254077992361,2025-02-17 17:03:16.524766145,2025-02-28 12:00:00,2025-02-28 12:00:00,2025-02-28 14:00:00,244.0,0.0
KM GUNUNG DEMPO,SURABAYA,2025-02-18 04:00:00,0.3150653613607567,2025-02-17 20:26:18.352778432,2025-03-02 14:00:00,2025-03-02 14:00:00,2025-03-02 18:00:00,298.0,0.0
KM SANGIANG,BITUNG,2025-02-18 17:00:00,0.7912829001160343,2025-02-17 22:00:33.157429974,2025-03-01 03:00:00,2025-03-01 03:00:00,2025-03-01 03:00:00,250.0,0.0
KM SIRIMAU,AGATS,2025-02-18 18:00:00,0.8224062634587839,2025-02-17 22:15:44.098837161,2025-02-28 03:00:00,2025-02-28 03:00:00,2025-02-28 05:00:00,225.0,0.0
KM LEUSER,SAUMLAKI,2025-02-18 10:00:00,0.4403074521547143,2025-02-17 23:25:57.436133834,2025-03-01 06:00:00,2025-03-01 06:00:00,2025-03-01 08:00:00,260.0,0.0
KM BINAIYA,PARE-PARE,2025-02-18 12:00:00,0.4771890531208236,2025-02-18 00:32:50.865810360,2025-03-01 05:00:00,2025-03-01 10:00:00,2025-03-01 12:00:00,262.0,5.0
KM CIREMAI,MAKASSAR,2025-02-18 15:00:00,0.5790965800745378,2025-02-18 01:06:06.055481560,2025-03-01 05:00:00,2025-03-01 06:00:00,2025-03-01 09:00:00,255.0,1.0
KM LABOBAR,FAK-FAK,2025-02-18 08:00:00,0.2395862218684831,2025-02-18 02:14:59.750430562,2025-03-01 22:00:00,2025-03-01 22:00:00,2025-03-02 02:00:00,278.0,0.0
KM SANGIANG,BITUNG,2025-02-18 17:00:00,0.6042371005923765,2025-02-18 02:29:53.914508819,2025-03-01 03:00:00,2025-03-01 03:00:00,2025-03-03 02:00:00,250.0,0.0
KM LAMBELU,MAKASSAR,2025-02-19 03:00:00,1.0,2025-02-18 03:00:00.000000000,2025-02-28 18:00:00,2025-03-01 09:00:00,2025-03-01 17:00:00,246.0,15.0
KM JETLINER,KENDARI,2025-02-18 21:00:00,0.7255597935454536,2025-02-18 03:35:11.633837673,2025-02-28 16:00:00,2025-02-28 16:00:00,2025-02-28 18:00:00,235.0,0.0
KM PANGRANGO,AMBON,2025-02-18 18:00:00,0.4817695924001472,2025-02-18 06:26:15.107216626,2025-03-02 07:00:00,2025-03-02 07:00:00,2025-03-02 13:00:00,277.0,0.0
KM TIDAR,MAKASSAR,2025-02-18 18:00:00,0.4797001745101446,2025-02-18 06:29:13.904922326,2025-03-02 03:00:00,2025-03-02 03:00:00,2025-03-02 06:00:00,273.0,0.0
KM LABOBAR,DOBO,2025-02-19 09:00:00,0.9572045791864884,2025-02-18 10:01:37.524358287,2025-03-02 02:00:00,2025-03-02 02:00:00,2025-03-02 04:00:00,257.0,0.0
KM WILIS,KALABAHI,2025-02-19 02:00:00,0.6590353253483248,2025-02-18 10:10:59.347889904,2025-03-01 09:00:00,2025-03-01 09:00:00,2025-03-01 21:00:00,247.0,0.0
KM LABOBAR,KAIMANA,2025-02-18 22:00:00,0.4900906882775482,2025-02-18 10:14:16.164532821,2025-03-02 04:00:00,2025-03-02 04:00:00,2025-03-02 06:00:00,270.0,0.0
KM DOROLONDA,SURABAYA,2025-02-19 02:00:00,0.5791731858820384,2025-02-18 12:05:59.436739792,2025-02-28 11:00:00,2025-03-02 18:00:00,2025-03-02 18:00:00,280.0,55.0
KM SINABUNG,MANOKWARI,2025-02-18 20:00:00,0.2535216464443228,2025-02-18 13:54:55.729747210,2025-02-28 14:00:00,2025-02-28 14:00:00,2025-02-28 16:00:00,234.0,0.0
KM LAWIT,BIMA,2025-02-18 22:00:00,0.3097552202956022,2025-02-18 14:33:57.148966462,2025-03-01 05:00:00,2025-03-01 05:00:00,2025-03-01 07:00:00,247.0,0.0
KM EGON,WAINGAPU,2025-02-19 05:00:00,0.5263172248396732,2025-02-18 16:22:06.191773853,2025-03-01 07:00:00,2025-03-01 07:00:00,2025-03-01 07:00:00,242.0,0.0
KM KELUD,TANJUNG BALAI KARIMUN,2025-02-19 08:00:00,0.63762802983168,2025-02-18 16:41:48.938222544,2025-03-03 00:00:00,2025-03-03 00:00:00,2025-03-03 01:00:00,280.0,0.0
KM LAMBELU,PARE-PARE,2025-02-18 20:00:00,0.1193701622646044,2025-02-18 17:08:06.417980337,2025-03-01 17:00:00,2025-03-01 17:00:00,2025-03-01 19:00:00,261.0,0.0
KM BK RAYA,SERASAN,2025-02-19 01:00:00,0.3251361723432441,2025-02-18 17:11:48.234709544,2025-02-28 21:00:00,2025-02-28 21:00:00,2025-02-28 23:00:00,236.0,0.0
KM EGON,WAINGAPU,2025-02-19 05:00:00,0.4365469993758151,2025-02-18 18:31:22.339253928,2025-03-01 07:00:00,2025-03-01 07:00:00,2025-03-01 13:00:00,242.0,0.0
KM LEUSER,TUAL,2025-02-19 07:00:00,0.517455885025032,2025-02-18 18:34:51.811533837,2025-03-01 08:00:00,2025-03-01 08:00:00,2025-03-01 12:00:00,241.0,0.0
KM LAWIT,WAINGAPU,2025-02-19 15:00:00,0.83678470176811,2025-02-18 18:55:01.801767234,2025-03-01 07:00:00,2025-03-01 13:00:00,2025-03-01 16:00:00,238.0,6.0
KM LAMBELU,PARE-PARE,2025-02-19 16:00:00,0.8605580615332448,2025-02-18 19:20:47.783483528,2025-03-01 19:00:00,2025-03-01 19:00:00,2025-03-01 22:00:00,243.0,0.0
KM JETLINER,RAHA,2025-02-19 07:00:00,0.4820647635781609,2025-02-18 19:25:49.604426847,2025-02-28 18:00:00,2025-02-28 18:00:00,2025-02-28 19:00:00,227.0,0.0
KM DOROLONDA,SURABAYA,2025-02-19 02:00:00,0.2591101883586134,2025-02-18 19:46:52.879725815,2025-03-02 18:00:00,2025-03-02 18:00:00,2025-03-03 05:00:00,280.0,0.0
KM TIDAR,BAU-BAU,2025-02-19 14:00:00,0.7354441662173327,2025-02-18 20:20:57.624038823,2025-03-02 06:00:00,2025-03-02 06:00:00,2025-03-02 09:00:00,256.0,0.0
KM KELUD,BATAM,2025-02-19 12:00:00,0.6500287267335013,2025-02-18 20:23:57.518010226,2025-03-03 01:00:00,2025-03-03 01:00:00,2025-03-03 04:00:00,277.0,0.0
KM LAMBELU,MAKASSAR,2025-02-19 03:00:00,0.2621314854268363,2025-02-18 20:42:31.839659122,2025-03-01 22:00:00,2025-03-02 06:00:00,2025-03-02 06:00:00,267.0,8.0
KM BK SIGUNTANG,TARAKAN,2025-02-19 13:00:00,0.6432990357729357,2025-02-18 21:33:38.963309220,2025-03-01 12:00:00,2025-03-01 12:00:00,2025-03-01 16:00:00,239.0,0.0
KM BK RAYA,NATUNA,2025-02-19 16:00:00,0.6207920728371773,2025-02-19 01:06:03.564906869,2025-02-28 23:00:00,2025-02-28 23:00:00,2025-03-01 01:00:00,223.0,0.0
KM GUNUNG DEMPO,MAKASSAR,2025-02-19 10:00:00,0.3221421171870969,2025-02-19 02:16:06.921075036,2025-03-02 18:00:00,2025-03-02 18:00:00,2025-03-02 22:00:00,272.0,0.0
KM BINAIYA,BONTANG,2025-02-19 17:00:00,0.4484216827391778,2025-02-19 06:14:16.366611336,2025-03-01 12:00:00,2025-03-01 12:00:00,2025-03-01 16:00:00,235.0,0.0
KM LEUSER,DOBO,2025-02-19 22:00:00,0.6286199037380621,2025-02-19 06:54:47.240317034,2025-03-01 12:00:00,2025-03-02 04:00:00,2025-03-02 06:00:00,246.0,16.0
KM SINABUNG,SORONG,2025-02-19 13:00:00,0.2391426132935762,2025-02-19 07:15:38.078211435,2025-02-28 16:00:00,2025-02-28 16:00:00,2025-02-28 18:00:00,219.0,0.0
KM CIREMAI,SURABAYA,2025-02-19 23:00:00,0.6530244831483276,2025-02-19 07:19:38.684655984,2025-03-01 09:00:00,2025-03-03 05:00:00,2025-03-03 07:00:00,270.0,44.0
KM JETLINER,KENDARI,2025-02-19 16:00:00,0.2692161381134162,2025-02-19 09:32:19.725667001,2025-02-28 19:00:00,2025-02-28 19:00:00,2025-02-28 21:00:00,219.0,0.0
KM LABOBAR,TUAL,2025-02-19 18:00:00,0.3423659920606177,2025-02-19 09:46:59.578285962,2025-03-02 06:00:00,2025-03-02 06:00:00,2025-03-02 08:00:00,252.0,0.0
KM BK RAYA,MIDAI,2025-02-19 11:00:00,0.0067375978195179,2025-02-19 10:50:17.871548396,2025-03-01 01:00:00,2025-03-01 01:00:00,2025-03-01 02:00:00,230.0,0.0
KM LABOBAR,BANDA,2025-02-20 09:00:00,0.8318069458841983,2025-02-19 13:02:11.879875605,2025-03-02 08:00:00,2025-03-02 08:00:00,2025-03-02 09:00:00,239.0,0.0
KM PANGRANGO,BANDA,2025-02-19 14:00:00,0.0,2025-02-19 14:00:00.000000000,2025-03-02 13:00:00,2025-03-02 13:00:00,2025-03-02 15:00:00,263.0,0.0
KM JETLINER,WANCI,2025-02-20 07:00:00,0.6941924547487227,2025-02-19 14:20:21.771909712,2025-02-28 21:00:00,2025-02-28 21:00:00,2025-02-28 23:00:00,206.0,0.0
KM BK RAYA,TAREMPA,2025-02-20 05:00:00,0.5911512582250308,2025-02-19 14:48:44.531289357,2025-03-01 02:00:00,2025-03-01 02:00:00,2025-03-01 03:00:00,213.0,0.0
KM LAMBELU,BALIKPAPAN,2025-02-20 11:00:00,0.659224174809059,2025-02-19 19:10:43.031296499,2025-03-02 06:00:00,2025-03-02 06:00:00,2025-03-02 08:00:00,235.0,0.0
KM LABOBAR,AMBON,2025-02-20 18:00:00,0.908384946710373,2025-02-19 20:11:55.540604224,2025-03-02 09:00:00,2025-03-02 13:00:00,2025-03-02 15:00:00,235.0,4.0
KM TIDAR,MAUMERE,2025-02-20 07:00:00,0.4489909987263479,2025-02-19 20:13:27.177710045,2025-03-02 09:00:00,2025-03-02 09:00:00,2025-03-02 11:00:00,242.0,0.0
KM LAWIT,ENDE,2025-02-20 04:00:00,0.2946042814391439,2025-02-19 20:55:46.190083660,2025-03-01 16:00:00,2025-03-01 16:00:00,2025-03-01 18:00:00,228.0,0.0
KM SINABUNG,BACAN,2025-02-20 07:00:00,0.4046936670682303,2025-02-19 21:17:14.467165304,2025-02-28 18:00:00,2025-03-01 01:00:00,2025-03-01 02:00:00,210.0,7.0
KM TIDAR,LARANTUKA,2025-02-20 15:00:00,0.7353779664042506,2025-02-19 21:21:03.343702673,2025-03-02 11:00:00,2025-03-02 11:00:00,2025-03-02 13:00:00,236.0,0.0
KM BK SIGUNTANG,NUNUKAN,2025-02-19 23:00:00,0.0615448456660209,2025-02-19 21:31:22.525334454,2025-03-01 16:00:00,2025-03-01 16:00:00,2025-03-01 18:00:00,233.0,0.0
KM EGON,LEMBAR,2025-02-20 13:00:00,0.5037943815769849,2025-02-20 00:54:32.165431748,2025-03-01 13:00:00,2025-03-01 13:00:00,2025-03-01 16:00:00,216.0,0.0
KM KELUD,TANJUNG PRIOK,2025-02-20 21:00:00,0.8254431813460781,2025-02-20 01:11:21.709131699,2025-03-03 04:00:00,2025-03-03 04:00:00,2025-03-04 03:00:00,247.0,0.0
KM BK RAYA,LETUNG,2025-02-20 10:00:00,0.3316936803110358,2025-02-20 02:02:21.666021126,2025-03-01 03:00:00,2025-03-01 03:00:00,2025-03-01 04:00:00,209.0,0.0
KM KELUD,TANJUNG PRIOK,2025-02-20 21:00:00,0.7341206599504011,2025-02-20 03:22:51.974980284,2025-03-04 03:00:00,2025-03-04 03:00:00,2025-03-04 03:00:00,270.0,0.0
KM JETLINER,KENDARI,2025-02-20 22:00:00,0.687463707286428,2025-02-20 05:30:03.135690454,2025-02-28 23:00:00,2025-02-28 23:00:00,2025-03-01 18:00:00,193.0,0.0
KM WILIS,KUPANG,2025-02-20 06:00:00,0.0,2025-02-20 06:00:00.000000000,2025-03-01 21:00:00,2025-03-01 21:00:00,2025-03-02 05:00:00,231.0,0.0
KM TIDAR,LEWOLEBA,2025-02-20 20:00:00,0.5769128197518197,2025-02-20 06:09:14.732373442,2025-03-02 13:00:00,2025-03-02 13:00:00,2025-03-02 15:00:00,233.0,0.0
KM LEUSER,TIMIKA,2025-02-20 19:00:00,0.5343070264068476,2025-02-20 06:10:35.872918450,2025-03-02 06:00:00,2025-03-02 06:00:00,2025-03-02 08:00:00,227.0,0.0
KM PANGRANGO,SAUMLAKI,2025-02-20 19:00:00,0.5272971378318612,2025-02-20 06:20:41.527291326,2025-03-02 15:00:00,2025-03-02 15:00:00,2025-03-02 20:00:00,236.0,0.0
KM SIRIMAU,MERAUKE,2025-02-20 19:00:00,0.4054478792137584,2025-02-20 09:16:09.303235932,2025-02-28 05:00:00,2025-02-28 05:00:00,2025-02-28 14:00:00,178.0,0.0
KM SINABUNG,TERNATE,2025-02-20 15:00:00,0.2309782920173358,2025-02-20 09:27:23.475569703,2025-03-01 02:00:00,2025-03-01 03:00:00,2025-03-01 05:00:00,204.0,1.0
KM BINAIYA,MAKASSAR,2025-02-21 08:00:00,0.9113351965727556,2025-02-20 10:07:40.639016115,2025-03-01 16:00:00,2025-03-02 22:00:00,2025-03-03 02:00:00,230.0,30.0
KM BK SIGUNTANG,BALIKPAPAN,2025-02-21 04:00:00,0.6556411727024066,2025-02-20 12:15:52.602678512,2025-03-01 18:00:00,2025-03-02 08:00:00,2025-03-02 10:00:00,220.0,14.0
KM DOROLONDA,MAKASSAR,2025-02-20 16:00:00,0.1543080128739141,2025-02-20 12:17:47.787687694,2025-03-03 05:00:00,2025-03-03 05:00:00,2025-03-03 08:00:00,253.0,0.0
KM SANGIANG,TERNATE,2025-02-21 13:00:00,1.0,2025-02-20 13:00:00.000000000,2025-03-03 02:00:00,2025-03-03 02:00:00,2025-03-03 05:00:00,229.0,0.0
KM LAWIT,KALABAHI,2025-02-21 01:00:00,0.3775824256688917,2025-02-20 15:56:16.878422210,2025-03-01 18:00:00,2025-03-01 21:00:00,2025-03-01 23:00:00,212.0,3.0
KM LAWIT,KUPANG,2025-02-21 16:00:00,1.0,2025-02-20 16:00:00.000000000,2025-03-01 23:00:00,2025-03-02 05:00:00,2025-03-02 09:00:00,205.0,6.0
KM CIREMAI,TANJUNG PRIOK,2025-02-21 04:00:00,0.4630009241374063,2025-02-20 16:53:16.720154528,2025-03-03 07:00:00,2025-03-04 03:00:00,2025-03-04 03:00:00,263.0,20.0
KM BINAIYA,AWERANGE,2025-02-21 00:00:00,0.1955247825217197,2025-02-20 19:18:26.658790125,2025-03-03 02:00:00,2025-03-03 02:00:00,2025-03-03 04:00:00,242.0,0.0
KM LEUSER,AGATS,2025-02-21 09:00:00,0.5268632900809865,2025-02-20 20:21:19.011737002,2025-03-02 08:00:00,2025-03-02 08:00:00,2025-03-02 10:00:00,215.0,0.0
KM BK RAYA,KIJANG,2025-02-21 01:00:00,0.1847549804513323,2025-02-20 20:33:57.169689005,2025-03-01 04:00:00,2025-03-01 04:00:00,2025-03-01 06:00:00,195.0,0.0
KM DOROLONDA,BAU-BAU,2025-02-21 09:00:00,0.4977695971967774,2025-02-20 21:03:12.706802198,2025-03-03 08:00:00,2025-03-03 08:00:00,2025-03-03 10:00:00,239.0,0.0
KM WILIS,ENDE,2025-02-21 06:00:00,0.3302894048661633,2025-02-20 22:04:22.995419564,2025-03-02 05:00:00,2025-03-02 05:00:00,2025-03-02 07:00:00,215.0,0.0
KM SINABUNG,BITUNG,2025-02-21 03:00:00,0.1820255597827924,2025-02-20 22:37:52.991634767,2025-03-01 05:00:00,2025-03-03 02:00:00,2025-03-03 04:00:00,239.0,45.0
KM CIREMAI,TANJUNG PRIOK,2025-02-21 04:00:00,0.2064405263009681,2025-02-20 23:02:43.538527598,2025-03-04 03:00:00,2025-03-04 03:00:00,2025-03-04 18:00:00,263.0,0.0
KM TIDAR,KUPANG,2025-02-21 07:00:00,0.2570792707272169,2025-02-21 00:49:48.351009170,2025-03-02 15:00:00,2025-03-02 15:00:00,2025-03-02 19:00:00,224.0,0.0
KM LABOBAR,BAU-BAU,2025-02-21 21:00:00,0.7333083953236671,2025-02-21 03:24:02.154644036,2025-03-02 15:00:00,2025-03-03 10:00:00,2025-03-03 12:00:00,229.0,19.0
KM LAMBELU,TARAKAN,2025-02-21 15:00:00,0.4752845799734168,2025-02-21 03:35:35.412290297,2025-03-02 08:00:00,2025-03-02 08:00:00,2025-03-02 11:00:00,209.0,0.0
KM TIDAR,LARANTUKA,2025-02-22 00:00:00,0.8441779753129484,2025-02-21 03:44:23.022932961,2025-03-02 19:00:00,2025-03-02 19:00:00,2025-03-02 21:00:00,211.0,0.0
KM JETLINER,WANCI,2025-02-22 06:00:00,1.0,2025-02-21 06:00:00.000000000,2025-03-01 18:00:00,2025-03-01 18:00:00,2025-03-01 20:00:00,180.0,0.0
KM EGON,SURABAYA,2025-02-21 14:00:00,0.3053921795418614,2025-02-21 06:40:14.115687582,2025-03-01 16:00:00,2025-03-03 07:00:00,2025-03-03 11:00:00,233.0,39.0
KM DOBONSOLO,SURABAYA,2025-02-22 03:00:00,0.8336959180179087,2025-02-21 06:59:28.672683253,2025-02-22 03:00:00,2025-03-03 11:00:00,2025-03-03 15:00:00,224.0,224.0
KM SANGIANG,BACAN,2025-02-22 05:00:00,0.8747924365774105,2025-02-21 08:00:17.933479712,2025-03-03 05:00:00,2025-03-03 05:00:00,2025-03-03 07:00:00,216.0,0.0
KM SINABUNG,BANGGAI,2025-02-21 21:00:00,0.484417810691198,2025-02-21 09:22:26.301156280,2025-03-03 04:00:00,2025-03-03 04:00:00,2025-03-03 06:00:00,223.0,0.0
KM GUNUNG DEMPO,SORONG,2025-02-21 15:00:00,0.2258587442782765,2025-02-21 09:34:45.804494356,2025-03-02 22:00:00,2025-03-02 22:00:00,2025-03-03 01:00:00,223.0,0.0
KM BK RAYA,BLINYU,2025-02-21 19:00:00,0.3453515482545003,2025-02-21 10:42:41.626230812,2025-03-01 06:00:00,2025-03-01 06:00:00,2025-03-01 07:00:00,179.0,0.0
KM WILIS,WAINGAPU,2025-02-21 19:00:00,0.3330516545308271,2025-02-21 11:00:24.337048536,2025-03-02 07:00:00,2025-03-02 07:00:00,2025-03-02 09:00:00,204.0,0.0
KM TIDAR,LEWOLEBA,2025-02-21 19:00:00,0.3244821310992673,2025-02-21 11:12:44.743873025,2025-03-02 21:00:00,2025-03-02 21:00:00,2025-03-02 23:00:00,218.0,0.0
KM BK SIGUNTANG,PARE-PARE,2025-02-21 22:00:00,0.3876855447634839,2025-02-21 12:41:43.968932434,2025-03-02 10:00:00,2025-03-02 10:00:00,2025-03-02 14:00:00,204.0,0.0
KM LAMBELU,NUNUKAN,2025-02-22 00:00:00,0.3873277812704553,2025-02-21 14:42:14.879698233,2025-03-02 11:00:00,2025-03-02 11:00:00,2025-03-02 14:00:00,203.0,0.0
KM BK SIGUNTANG,MAKASSAR,2025-02-22 07:00:00,0.6193330232622333,2025-02-21 16:08:09.626790142,2025-03-02 14:00:00,2025-03-03 08:00:00,2025-03-03 08:00:00,217.0,18.0
KM LAWIT,ROTE,2025-02-22 01:00:00,0.3024997477395675,2025-02-21 17:44:24.021795300,2025-03-02 09:00:00,2025-03-02 09:00:00,2025-03-02 11:00:00,200.0,0.0
KM BINAIYA,LABUAN BAJO,2025-02-22 07:00:00,0.5300178926718602,2025-02-21 18:16:46.454073150,2025-03-03 04:00:00,2025-03-03 04:00:00,2025-03-03 06:00:00,213.0,0.0
KM LABOBAR,MAKASSAR,2025-02-22 13:00:00,0.7655488408985788,2025-02-21 18:37:36.580146363,2025-03-03 12:00:00,2025-03-03 12:00:00,2025-03-03 14:00:00,215.0,0.0
KM LAWIT,KUPANG,2025-02-22 08:00:00,0.5539895106411185,2025-02-21 18:42:15.306280607,2025-03-02 11:00:00,2025-03-02 19:00:00,2025-03-02 23:00:00,203.0,8.0
KM WILIS,WAIKELO,2025-02-22 06:00:00,0.4081438243980303,2025-02-21 20:12:16.373572010,2025-03-02 09:00:00,2025-03-02 09:00:00,2025-03-02 10:00:00,195.0,0.0
KM PANGRANGO,AMBON,2025-02-22 21:00:00,0.943554416416491,2025-02-21 22:21:16.898421615,2025-03-02 20:00:00,2025-03-02 20:00:00,2025-03-03 16:00:00,191.0,0.0
KM SINABUNG,BAU-BAU,2025-02-22 17:00:00,0.7679316354449837,2025-02-21 22:34:10.706697552,2025-03-03 06:00:00,2025-03-03 12:00:00,2025-03-03 14:00:00,211.0,6.0
KM LAWIT,KALABAHI,2025-02-23 01:00:00,0.976140987675238,2025-02-22 01:34:21.418664859,2025-03-02 23:00:00,2025-03-02 23:00:00,2025-03-03 01:00:00,190.0,0.0
KM GUNUNG DEMPO,MANOKWARI,2025-02-22 06:00:00,0.1400996074607915,2025-02-22 02:38:15.393915388,2025-03-03 01:00:00,2025-03-03 01:00:00,2025-03-03 03:00:00,211.0,0.0
KM EGON,BATULICIN,2025-02-22 19:00:00,0.6619003186581166,2025-02-22 03:06:51.812467938,2025-03-03 11:00:00,2025-03-03 11:00:00,2025-03-03 15:00:00,208.0,0.0
KM PANGRANGO,BANDA,2025-02-22 05:00:00,0.0,2025-02-22 05:00:00.000000000,2025-03-03 16:00:00,2025-03-03 16:00:00,2025-03-03 18:00:00,227.0,0.0
KM DOROLONDA,NAMLEA,2025-02-22 10:00:00,0.1850016762661107,2025-02-22 05:33:35.855170607,2025-03-03 10:00:00,2025-03-03 10:00:00,2025-03-03 12:00:00,216.0,0.0
KM CIREMAI,SURABAYA,2025-02-22 22:00:00,0.6711814152505956,2025-02-22 05:53:29.925722350,2025-03-04 18:00:00,2025-03-04 18:00:00,2025-03-04 22:00:00,236.0,0.0
KM JETLINER,KENDARI,2025-02-22 21:00:00,0.6007614931054419,2025-02-22 06:34:54.206995689,2025-03-01 20:00:00,2025-03-01 20:00:00,2025-03-02 06:00:00,167.0,0.0
KM GUNUNG DEMPO,NABIRE,2025-02-23 00:00:00,0.7138143553531613,2025-02-22 06:52:06.439697487,2025-03-03 03:00:00,2025-03-03 03:00:00,2025-03-03 05:00:00,195.0,0.0
KM TIDAR,MAUMERE,2025-02-22 08:00:00,0.0461074031946529,2025-02-22 06:53:36.320363981,2025-03-02 23:00:00,2025-03-02 23:00:00,2025-03-03 01:00:00,207.0,0.0
KM GUNUNG DEMPO,WASIOR,2025-02-22 16:00:00,0.3768072675224617,2025-02-22 06:57:23.852086060,2025-03-03 05:00:00,2025-03-03 05:00:00,2025-03-03 06:00:00,205.0,0.0
KM KELUD,BATAM,2025-02-23 03:00:00,0.7981640105829675,2025-02-22 07:50:38.629485633,2025-03-04 03:00:00,2025-03-04 03:00:00,2025-03-04 08:00:00,216.0,0.0
KM WILIS,BIMA,2025-02-22 18:00:00,0.4072971479354919,2025-02-22 08:13:29.526418373,2025-03-02 10:00:00,2025-03-02 10:00:00,2025-03-02 12:00:00,184.0,0.0
KM LAMBELU,PANTOLOAN,2025-02-23 00:00:00,0.5998920368847707,2025-02-22 09:36:09.328013158,2025-03-02 14:00:00,2025-03-02 14:00:00,2025-03-02 16:00:00,182.0,0.0
KM BK RAYA,TANJUNG PRIOK,2025-02-23 00:00:00,0.4647025815998178,2025-02-22 12:50:49.696949775,2025-03-01 07:00:00,2025-03-04 18:00:00,2025-03-04 18:00:00,234.0,83.0
KM TIDAR,BAU-BAU,2025-02-22 23:00:00,0.3881470213478345,2025-02-22 13:41:04.097355548,2025-03-03 01:00:00,2025-03-03 14:00:00,2025-03-03 17:00:00,207.0,13.0
KM JETLINER,KENDARI,2025-02-22 21:00:00,0.2848548325093107,2025-02-22 14:09:48.542471198,2025-03-02 06:00:00,2025-03-02 06:00:00,2025-03-02 06:00:00,177.0,0.0
KM LEUSER,MERAUKE,2025-02-23 06:00:00,0.645757964400176,2025-02-22 14:30:06.511875826,2025-03-02 10:00:00,2025-03-02 10:00:00,2025-03-03 06:00:00,172.0,0.0
KM DOROLONDA,AMBON,2025-02-22 17:00:00,0.0368348123282513,2025-02-22 16:06:57.472214840,2025-03-03 12:00:00,2025-03-03 16:00:00,2025-03-03 19:00:00,215.0,4.0
KM BINAIYA,BIMA,2025-02-22 17:00:00,0.0,2025-02-22 17:00:00.000000000,2025-03-03 06:00:00,2025-03-03 06:00:00,2025-03-03 07:00:00,205.0,0.0
KM SINABUNG,MAKASSAR,2025-02-23 12:00:00,0.7645091551256283,2025-02-22 17:39:06.408997146,2025-03-03 14:00:00,2025-03-03 14:00:00,2025-03-03 16:00:00,194.0,0.0
KM WILIS,LABUAN BAJO,2025-02-23 05:00:00,0.4578486601131176,2025-02-22 18:00:41.875766226,2025-03-02 12:00:00,2025-03-03 06:00:00,2025-03-03 07:00:00,193.0,18.0
KM SANGIANG,SANANA,2025-02-23 06:00:00,0.327998735745847,2025-02-22 22:07:40.909231560,2025-03-03 07:00:00,2025-03-03 07:00:00,2025-03-03 09:00:00,193.0,0.0
KM DOBONSOLO,MAKASSAR,2025-02-23 13:00:00,0.5833211807860915,2025-02-22 23:00:01.049980083,2025-03-03 15:00:00,2025-03-03 16:00:00,2025-03-03 20:00:00,195.0,1.0
KM SIRIMAU,AGATS,2025-02-23 03:00:00,0.1602922493688349,2025-02-22 23:09:10.749654533,2025-02-28 14:00:00,2025-03-02 10:00:00,2025-03-02 12:00:00,175.0,44.0
KM KELUD,TANJUNG BALAI KARIMUN,2025-02-23 11:00:00,0.4233529190429364,2025-02-23 00:50:22.307794692,2025-03-04 08:00:00,2025-03-04 08:00:00,2025-03-04 09:00:00,213.0,0.0
KM SANGIANG,NAMLEA,2025-02-23 22:00:00,0.8809326512157685,2025-02-23 00:51:27.418934960,2025-03-03 09:00:00,2025-03-03 12:00:00,2025-03-03 13:00:00,182.0,3.0
KM LAWIT,ENDE,2025-02-23 22:00:00,0.7626560128240237,2025-02-23 03:41:46.520492003,2025-03-03 01:00:00,2025-03-03 01:00:00,2025-03-03 03:00:00,171.0,0.0
KM LAMBELU,BALIKPAPAN,2025-02-23 15:00:00,0.4180799982615227,2025-02-23 04:57:57.888150203,2025-03-02 16:00:00,2025-03-02 16:00:00,2025-03-02 18:00:00,169.0,0.0
KM TIDAR,MAKASSAR,2025-02-23 19:00:00,0.5559856815225805,2025-02-23 05:39:22.837116449,2025-03-03 17:00:00,2025-03-03 20:00:00,2025-03-04 01:00:00,193.0,3.0
KM GUNUNG DEMPO,JAYAPURA,2025-02-24 00:00:00,0.7588419524093499,2025-02-23 05:47:16.055311834,2025-03-03 06:00:00,2025-03-03 06:00:00,2025-03-03 12:00:00,174.0,0.0
KM JETLINER,WANCI,2025-02-23 20:00:00,0.5863316181677579,2025-02-23 05:55:40.948190307,2025-03-02 06:00:00,2025-03-02 06:00:00,2025-03-02 08:00:00,154.0,0.0
KM EGON,PARE-PARE,2025-02-23 19:00:00,0.522144867580014,2025-02-23 06:28:06.683441088,2025-03-03 15:00:00,2025-03-03 15:00:00,2025-03-03 18:00:00,188.0,0.0
KM LABOBAR,SURABAYA,2025-02-23 19:00:00,0.4769995037220128,2025-02-23 07:33:07.242878420,2025-03-03 14:00:00,2025-03-04 22:00:00,2025-03-05 01:00:00,219.0,32.0
KM DOROLONDA,SORONG,2025-02-23 16:00:00,0.2710799897653787,2025-02-23 09:29:38.688884272,2025-03-03 19:00:00,2025-03-03 19:00:00,2025-03-03 22:00:00,195.0,0.0
KM BINAIYA,BENOA,2025-02-23 17:00:00,0.2636224352248901,2025-02-23 10:40:23.021596571,2025-03-03 07:00:00,2025-03-03 07:00:00,2025-03-03 21:00:00,182.0,0.0
KM SIRIMAU,TIMIKA,2025-02-23 19:00:00,0.2644315020427257,2025-02-23 12:39:13.118223510,2025-03-02 12:00:00,2025-03-02 12:00:00,2025-03-02 14:00:00,161.0,0.0
KM SANGIANG,AMBON,2025-02-24 09:00:00,0.6811161063875305,2025-02-23 16:39:11.568408117,2025-03-03 13:00:00,2025-03-03 19:00:00,2025-03-03 23:00:00,178.0,6.0
KM WILIS,MAKASSAR,2025-02-24 06:00:00,0.5499882354451341,2025-02-23 16:48:01.016457542,2025-03-03 07:00:00,2025-03-04 01:00:00,2025-03-04 04:00:00,187.0,18.0
KM LAMBELU,PARE-PARE,2025-02-24 09:00:00,0.6634644111649219,2025-02-23 17:04:36.674875352,2025-03-02 18:00:00,2025-03-03 18:00:00,2025-03-03 21:00:00,177.0,24.0
KM LAWIT,WAINGAPU,2025-02-24 10:00:00,0.6545688176451756,2025-02-23 18:17:25.254155458,2025-03-03 03:00:00,2025-03-03 03:00:00,2025-03-03 06:00:00,161.0,0.0
KM SIRIMAU,DOBO,2025-02-24 15:00:00,0.8272516606303973,2025-02-23 19:08:45.456521532,2025-03-02 14:00:00,2025-03-02 14:00:00,2025-03-02 16:00:00,143.0,0.0
KM JETLINER,KENDARI,2025-02-24 11:00:00,0.4807841535616689,2025-02-23 23:27:40.249132272,2025-03-02 08:00:00,2025-03-02 08:00:00,2025-03-02 14:00:00,141.0,0.0
KM LAMBELU,MAKASSAR,2025-02-24 17:00:00,0.6731387165082752,2025-02-24 00:50:40.814893684,2025-03-03 21:00:00,2025-03-04 04:00:00,2025-03-04 07:00:00,179.0,7.0
KM DOROLONDA,NABIRE,2025-02-24 21:00:00,0.8138592303766139,2025-02-24 01:28:02.562495460,2025-03-03 22:00:00,2025-03-03 22:00:00,2025-03-04 00:00:00,169.0,0.0
KM KELUD,BELAWAN,2025-02-24 10:00:00,0.3256117700934891,2025-02-24 02:11:07.143063922,2025-03-04 09:00:00,2025-03-04 09:00:00,2025-03-05 06:00:00,191.0,0.0
KM CIREMAI,MAKASSAR,2025-02-24 08:00:00,0.1778640437461926,2025-02-24 03:43:52.546620328,2025-03-04 22:00:00,2025-03-04 22:00:00,2025-03-05 02:00:00,206.0,0.0
KM DOROLONDA,MANOKWARI,2025-02-24 08:00:00,0.1570891918950679,2025-02-24 04:13:47.493820265,2025-03-04 00:00:00,2025-03-04 00:00:00,2025-03-04 02:00:00,184.0,0.0
KM SIRIMAU,TUAL,2025-02-25 05:00:00,1.0,2025-02-24 05:00:00.000000000,2025-03-02 16:00:00,2025-03-02 16:00:00,2025-03-02 21:00:00,131.0,0.0
KM PANGRANGO,BANDA,2025-02-24 07:00:00,0.0113125738889409,2025-02-24 06:43:42.593615995,2025-03-03 18:00:00,2025-03-03 18:00:00,2025-03-03 20:00:00,179.0,0.0
KM DOBONSOLO,BAU-BAU,2025-02-24 09:00:00,0.0741920572631213,2025-02-24 07:13:09.806252466,2025-03-03 20:00:00,2025-03-03 20:00:00,2025-03-03 23:00:00,179.0,0.0
KM SINABUNG,SURABAYA,2025-02-24 22:00:00,0.5276628683468496,2025-02-24 09:20:09.928174834,2025-03-03 16:00:00,2025-03-05 01:00:00,2025-03-05 01:00:00,195.0,33.0
KM GUNUNG DEMPO,NABIRE,2025-02-25 05:00:00,0.7316225574760998,2025-02-24 11:26:27.811034067,2025-03-03 12:00:00,2025-03-04 00:00:00,2025-03-04 02:00:00,163.0,12.0
KM EGON,BONTANG,2025-02-24 23:00:00,0.4789615991055214,2025-02-24 11:30:17.717837282,2025-03-03 18:00:00,2025-03-03 18:00:00,2025-03-03 22:00:00,163.0,0.0
KM DOROLONDA,WAREN,2025-02-25 06:00:00,0.4519166472806718,2025-02-24 19:09:14.401674951,2025-03-04 02:00:00,2025-03-04 02:00:00,2025-03-04 04:00:00,164.0,0.0
KM GUNUNG DEMPO,WASIOR,2025-02-25 14:00:00,0.7666050019142977,2025-02-24 19:36:05.327834606,2025-03-04 02:00:00,2025-03-04 02:00:00,2025-03-04 03:00:00,156.0,0.0
KM LAWIT,BIMA,2025-02-25 04:00:00,0.3161505692142285,2025-02-24 20:24:44.590819893,2025-03-03 06:00:00,2025-03-03 07:00:00,2025-03-03 09:00:00,147.0,1.0
KM SANGIANG,BANDA,2025-02-25 05:00:00,0.34234117659439,2025-02-24 20:47:01.722342246,2025-03-03 23:00:00,2025-03-03 23:00:00,2025-03-04 01:00:00,162.0,0.0
KM LAMBELU,BAU-BAU,2025-02-25 11:00:00,0.5181175585052107,2025-02-24 22:33:54.642945150,2025-03-04 07:00:00,2025-03-04 07:00:00,2025-03-04 09:00:00,164.0,0.0
KM LABOBAR,TANJUNG PRIOK,2025-02-24 23:00:00,0.0,2025-02-24 23:00:00.000000000,2025-03-05 01:00:00,2025-03-05 01:00:00,2025-03-05 01:00:00,194.0,0.0
KM SANGIANG,GESER,2025-02-25 17:00:00,0.7171405094735579,2025-02-24 23:47:19.059981486,2025-03-04 01:00:00,2025-03-04 01:00:00,2025-03-04 03:00:00,152.0,0.0
KM CIREMAI,BAU-BAU,2025-02-25 04:00:00,0.1585153537169187,2025-02-25 00:11:44.273438859,2025-03-05 02:00:00,2025-03-05 02:00:00,2025-03-05 04:00:00,190.0,0.0
KM BINAIYA,LABUAN BAJO,2025-02-25 10:00:00,0.4044682734593065,2025-02-25 00:17:33.941173118,2025-03-03 21:00:00,2025-03-03 21:00:00,2025-03-04 00:00:00,155.0,0.0
KM LEUSER,AGATS,2025-02-25 19:00:00,0.7702586629448137,2025-02-25 00:30:49.651521567,2025-03-03 06:00:00,2025-03-03 06:00:00,2025-03-03 07:00:00,131.0,0.0
KM TIDAR,SURABAYA,2025-02-25 08:00:00,0.2629251298786501,2025-02-25 01:41:23.268778484,2025-03-04 01:00:00,2025-03-05 01:00:00,2025-03-05 04:00:00,185.0,24.0
KM GUNUNG DEMPO,MANOKWARI,2025-02-25 22:00:00,0.809182524279085,2025-02-25 02:34:46.629902288,2025-03-04 03:00:00,2025-03-04 03:00:00,2025-03-04 05:00:00,149.0,0.0
KM PANGRANGO,SAUMLAKI,2025-02-25 12:00:00,0.3692085334634671,2025-02-25 03:08:20.382708758,2025-03-03 20:00:00,2025-03-03 20:00:00,2025-03-04 00:00:00,152.0,0.0
KM JETLINER,WANCI,2025-02-25 06:00:00,0.0763624235639807,2025-02-25 04:10:02.286604071,2025-03-02 14:00:00,2025-03-02 14:00:00,2025-03-02 16:00:00,128.0,0.0
KM JETLINER,RAHA,2025-02-26 07:00:00,1.0,2025-02-25 07:00:00.000000000,2025-03-02 16:00:00,2025-03-02 16:00:00,2025-03-02 17:00:00,105.0,0.0
KM WILIS,BATULICIN,2025-02-25 15:00:00,0.3245098457118973,2025-02-25 07:12:42.349330491,2025-03-04 04:00:00,2025-03-04 04:00:00,2025-03-04 04:00:00,157.0,0.0
KM JETLINER,KENDARI,2025-02-25 21:00:00,0.5588543013529708,2025-02-25 07:35:14.988363105,2025-03-02 17:00:00,2025-03-02 17:00:00,2025-03-02 19:00:00,116.0,0.0
KM SIRIMAU,SAUMLAKI,2025-02-26 06:00:00,0.7168654801741179,2025-02-25 12:47:42.822512956,2025-03-02 21:00:00,2025-03-04 00:00:00,2025-03-04 02:00:00,138.0,27.0
KM LEUSER,TIMIKA,2025-02-26 09:00:00,0.7671910818356916,2025-02-25 14:35:14.690529395,2025-03-03 07:00:00,2025-03-03 07:00:00,2025-03-03 16:00:00,118.0,0.0
KM CIREMAI,AMBON,2025-02-26 08:00:00,0.6140139367125163,2025-02-25 17:15:49.195868040,2025-03-05 04:00:00,2025-03-05 04:00:00,2025-03-05 07:00:00,164.0,0.0
KM EGON,PARE-PARE,2025-02-26 04:00:00,0.4437605774878668,2025-02-25 17:20:59.086105048,2025-03-03 22:00:00,2025-03-03 22:00:00,2025-03-04 01:00:00,138.0,0.0
KM KELUD,BATAM,2025-02-26 09:00:00,0.63381856621647,2025-02-25 17:47:18.075878898,2025-03-05 06:00:00,2025-03-05 06:00:00,2025-03-05 08:00:00,165.0,0.0
KM SANGIANG,FAK-FAK,2025-02-26 07:00:00,0.5424195716039589,2025-02-25 17:58:54.949013418,2025-03-04 03:00:00,2025-03-04 03:00:00,2025-03-04 12:00:00,140.0,0.0
KM DOBONSOLO,SORONG,2025-02-26 06:00:00,0.463095978888935,2025-02-25 18:53:08.507423998,2025-03-03 23:00:00,2025-03-03 23:00:00,2025-03-04 03:00:00,137.0,0.0
KM KELUD,TANJUNG BALAI KARIMUN,2025-02-26 05:00:00,0.371302482755859,2025-02-25 20:05:19.465489893,2025-03-05 08:00:00,2025-03-05 08:00:00,2025-03-05 09:00:00,171.0,0.0
KM GUNUNG DEMPO,SORONG,2025-02-26 14:00:00,0.6939321366645748,2025-02-25 21:20:44.263392180,2025-03-04 05:00:00,2025-03-04 05:00:00,2025-03-04 08:00:00,135.0,0.0
KM PANGRANGO,BANDA,2025-02-26 20:00:00,0.94315545221275,2025-02-25 21:21:51.368928819,2025-03-04 00:00:00,2025-03-04 01:00:00,2025-03-04 03:00:00,125.0,1.0
KM LAMBELU,MAUMERE,2025-02-26 02:00:00,0.1400215668196757,2025-02-25 22:38:22.136626781,2025-03-04 09:00:00,2025-03-04 09:00:00,2025-03-04 11:00:00,151.0,0.0
KM LAWIT,BENOA,2025-02-26 04:00:00,0.2193995543731421,2025-02-25 22:44:03.878502162,2025-03-03 09:00:00,2025-03-03 21:00:00,2025-03-04 00:00:00,137.0,12.0
KM DOROLONDA,JAYAPURA,2025-02-26 04:00:00,0.0742525781967236,2025-02-26 02:13:04.577243805,2025-03-04 04:00:00,2025-03-04 04:00:00,2025-03-04 09:00:00,144.0,0.0
KM TIDAR,TANJUNG PRIOK,2025-02-26 15:00:00,0.4891553261012735,2025-02-26 03:15:36.979824849,2025-03-05 04:00:00,2025-03-05 04:00:00,2025-03-05 07:00:00,157.0,0.0
KM JETLINER,KENDARI,2025-02-26 16:00:00,0.455429947567474,2025-02-26 05:04:10.852530172,2025-03-02 19:00:00,2025-03-02 19:00:00,2025-03-02 21:00:00,99.0,0.0
KM LAMBELU,LARANTUKA,2025-02-26 09:00:00,0.0491157575533798,2025-02-26 07:49:16.398547389,2025-03-04 11:00:00,2025-03-04 11:00:00,2025-03-04 13:00:00,146.0,0.0
KM DOROLONDA,WAREN,2025-02-27 04:00:00,0.8129642390770551,2025-02-26 08:29:19.889743744,2025-03-04 09:00:00,2025-03-04 09:00:00,2025-03-04 11:00:00,125.0,0.0
KM BINAIYA,BENOA,2025-02-26 16:00:00,0.1867691298817276,2025-02-26 11:31:03.147178221,2025-03-04 00:00:00,2025-03-04 00:00:00,2025-03-04 00:00:00,128.0,0.0
KM PANGRANGO,AMBON,2025-02-27 12:00:00,1.0,2025-02-26 12:00:00.000000000,2025-03-04 03:00:00,2025-03-05 07:00:00,2025-03-05 07:00:00,139.0,28.0
KM EGON,BONTANG,2025-02-27 07:00:00,0.7889599730064472,2025-02-26 12:03:53.858332242,2025-03-04 01:00:00,2025-03-04 01:00:00,2025-03-04 07:00:00,114.0,0.0
KM CIREMAI,SORONG,2025-02-27 09:00:00,0.7723843888927084,2025-02-26 14:27:45.988799670,2025-03-05 07:00:00,2025-03-05 07:00:00,2025-03-05 10:00:00,142.0,0.0
KM DOROLONDA,NABIRE,2025-02-27 12:00:00,0.8596312388542087,2025-02-26 15:22:07.860962997,2025-03-04 11:00:00,2025-03-04 11:00:00,2025-03-04 13:00:00,119.0,0.0
KM DOBONSOLO,MANOKWARI,2025-02-27 02:00:00,0.370496842599393,2025-02-26 17:06:29.072799414,2025-03-04 03:00:00,2025-03-04 05:00:00,2025-03-04 08:00:00,123.0,2.0
KM SANGIANG,GESER,2025-02-27 05:00:00,0.3668363568069082,2025-02-26 20:11:45.338771883,2025-03-04 12:00:00,2025-03-04 12:00:00,2025-03-04 14:00:00,127.0,0.0
KM LAMBELU,BAU-BAU,2025-02-26 23:00:00,0.0204097505078448,2025-02-26 22:30:36.597556124,2025-03-04 13:00:00,2025-03-05 04:00:00,2025-03-05 06:00:00,149.0,15.0
KM LAMBELU,MAKASSAR,2025-02-27 16:00:00,0.5871476372421562,2025-02-27 01:54:30.444142277,2025-03-05 06:00:00,2025-03-05 06:00:00,2025-03-05 10:00:00,134.0,0.0
KM LAWIT,SURABAYA,2025-02-27 13:00:00,0.2582306677246914,2025-02-27 06:48:08.870308586,2025-03-04 00:00:00,2025-03-05 04:00:00,2025-03-05 07:00:00,135.0,28.0
KM JETLINER,WANCI,2025-02-27 07:00:00,0.0,2025-02-27 07:00:00.000000000,2025-03-02 21:00:00,2025-03-02 21:00:00,2025-03-02 23:00:00,86.0,0.0
KM LEUSER,DOBO,2025-02-27 13:00:00,0.1948520413785806,2025-02-27 08:19:24.783624891,2025-03-03 16:00:00,2025-03-03 16:00:00,2025-03-03 18:00:00,99.0,0.0
KM SANGIANG,BANDA,2025-02-27 17:00:00,0.3002615464263677,2025-02-27 09:47:37.402388762,2025-03-04 14:00:00,2025-03-04 14:00:00,2025-03-04 16:00:00,117.0,0.0
KM DOROLONDA,MANOKWARI,2025-02-28 00:00:00,0.5729035681024333,2025-02-27 10:15:01.131715952,2025-03-04 13:00:00,2025-03-04 13:00:00,2025-03-04 15:00:00,109.0,0.0
KM JETLINER,KENDARI,2025-02-27 22:00:00,0.407214076966533,2025-02-27 12:13:36.703750091,2025-03-02 23:00:00,2025-03-02 23:00:00,2025-03-03 18:00:00,73.0,0.0
KM KELUD,TANJUNG PRIOK,2025-02-27 17:00:00,0.1900613407325541,2025-02-27 12:26:18.700160709,2025-03-05 09:00:00,2025-03-05 09:00:00,2025-03-05 09:00:00,136.0,0.0
KM SIRIMAU,KALABAHI,2025-02-28 03:00:00,0.5988679349383418,2025-02-27 12:37:37.810421328,2025-03-04 02:00:00,2025-03-04 02:00:00,2025-03-04 04:00:00,95.0,0.0
KM DOBONSOLO,BIAK,2025-02-27 15:00:00,0.0386648668614247,2025-02-27 14:04:19.355503174,2025-03-04 08:00:00,2025-03-04 08:00:00,2025-03-04 11:00:00,113.0,0.0
KM LEUSER,TUAL,2025-02-28 01:00:00,0.2782624850464307,2025-02-27 18:19:18.121291990,2025-03-03 18:00:00,2025-03-03 18:00:00,2025-03-03 22:00:00,89.0,0.0
KM LAMBELU,PARE-PARE,2025-02-28 01:00:00,0.2426068214956879,2025-02-27 19:10:38.770622771,2025-03-05 10:00:00,2025-03-05 10:00:00,2025-03-05 15:00:00,129.0,0.0
KM DOBONSOLO,JAYAPURA,2025-02-28 16:00:00,0.7468505494261721,2025-02-27 22:04:32.112529580,2025-03-04 11:00:00,2025-03-04 11:00:00,2025-03-04 17:00:00,91.0,0.0
KM SIRIMAU,KUPANG,2025-02-28 18:00:00,0.7130291035444778,2025-02-28 00:53:14.285453759,2025-03-04 04:00:00,2025-03-04 04:00:00,2025-03-04 10:00:00,82.0,0.0
KM TIDAR,KIJANG,2025-02-28 05:00:00,0.1274830732226878,2025-02-28 01:56:25.462473558,2025-03-05 07:00:00,2025-03-05 07:00:00,2025-03-05 07:00:00,122.0,0.0
KM DOROLONDA,SORONG,2025-02-28 14:00:00,0.4011515675446532,2025-02-28 04:22:20.504564141,2025-03-04 15:00:00,2025-03-05 10:00:00,2025-03-05 13:00:00,116.0,19.0
KM CIREMAI,AMBON,2025-02-28 11:00:00,0.2523762510715162,2025-02-28 04:56:34.691907423,2025-03-05 10:00:00,2025-03-05 10:00:00,2025-03-05 13:00:00,119.0,0.0
KM LEUSER,SAUMLAKI,2025-02-28 23:00:00,0.7401170328610189,2025-02-28 05:14:13.888360810,2025-03-03 22:00:00,2025-03-04 02:00:00,2025-03-04 04:00:00,75.0,4.0
KM SANGIANG,AMBON,2025-02-28 13:00:00,0.3160027155369764,2025-02-28 05:24:57.365377607,2025-03-04 16:00:00,2025-03-05 13:00:00,2025-03-06 00:00:00,120.0,21.0
KM GUNUNG DEMPO,MAKASSAR,2025-02-28 18:00:00,0.5019610718183232,2025-02-28 05:57:10.563394896,2025-03-04 08:00:00,2025-03-05 10:00:00,2025-03-05 12:00:00,112.0,26.0
KM EGON,PARE-PARE,2025-02-28 15:00:00,0.2527666384238022,2025-02-28 08:56:00.962440185,2025-03-04 07:00:00,2025-03-05 15:00:00,2025-03-05 17:00:00,120.0,32.0
KM LAMBELU,BALIKPAPAN,2025-02-28 22:00:00,0.240697215555258,2025-02-28 16:13:23.760576027,2025-03-05 15:00:00,2025-03-05 15:00:00,2025-03-05 17:00:00,113.0,0.0
KM LAWIT,KUMAI,2025-02-28 21:00:00,0.181660190520187,2025-02-28 16:38:24.559539058,2025-03-05 07:00:00,2025-03-05 07:00:00,2025-03-05 07:00:00,106.0,0.0
KM CIREMAI,BAU-BAU,2025-03-01 17:00:00,0.8890128233317593,2025-02-28 19:39:49.292064137,2025-03-05 13:00:00,2025-03-05 13:00:00,2025-03-05 15:00:00,92.0,0.0
KM DOROLONDA,AMBON,2025-03-01 13:00:00,0.7111135682008524,2025-02-28 19:55:59.787707448,2025-03-05 13:00:00,2025-03-06 00:00:00,2025-03-06 03:00:00,107.0,11.0
KM LAMBELU,PANTOLOAN,2025-03-01 13:00:00,0.6781236523139759,2025-02-28 20:43:30.116440074,2025-03-05 17:00:00,2025-03-05 17:00:00,2025-03-05 19:00:00,100.0,0.0
KM JETLINER,WANCI,2025-03-01 06:00:00,0.3668307915862264,2025-02-28 21:11:45.819606952,2025-03-03 18:00:00,2025-03-03 18:00:00,2025-03-03 20:00:00,60.0,0.0
KM JETLINER,KENDARI,2025-03-01 21:00:00,0.8651958088385101,2025-03-01 00:14:07.082116354,2025-03-03 20:00:00,2025-03-03 20:00:00,2025-03-03 20:00:00,47.0,0.0
KM DOROLONDA,NAMLEA,2025-03-01 21:00:00,0.8650443658529515,2025-03-01 00:14:20.166790305,2025-03-06 03:00:00,2025-03-06 03:00:00,2025-03-06 05:00:00,102.0,0.0
KM EGON,BATULICIN,2025-03-01 15:00:00,0.5759897438258088,2025-03-01 01:10:34.486133452,2025-03-05 17:00:00,2025-03-05 17:00:00,2025-03-05 20:00:00,98.0,0.0
KM SANGIANG,NAMLEA,2025-03-01 11:00:00,0.3244114456098524,2025-03-01 03:12:50.851099311,2025-03-06 00:00:00,2025-03-06 05:00:00,2025-03-06 10:00:00,114.0,5.0
KM SIRIMAU,MAUMERE,2025-03-02 00:00:00,0.8499875361550466,2025-03-01 03:36:01.076876205,2025-03-04 10:00:00,2025-03-04 11:00:00,2025-03-04 13:00:00,59.0,1.0
KM SIRIMAU,LEWOLEBA,2025-03-01 12:00:00,0.3048051742218077,2025-03-01 04:41:04.832947238,2025-03-04 13:00:00,2025-03-04 13:00:00,2025-03-04 15:00:00,73.0,0.0
KM DOBONSOLO,BIAK,2025-03-01 20:00:00,0.6356429767507409,2025-03-01 04:44:40.446808736,2025-03-04 17:00:00,2025-03-04 17:00:00,2025-03-04 20:00:00,69.0,0.0
KM GUNUNG DEMPO,SURABAYA,2025-03-01 23:00:00,0.5036279909128564,2025-03-01 10:54:46.541585128,2025-03-05 12:00:00,2025-03-05 12:00:00,2025-03-05 14:00:00,85.0,0.0
KM LAMBELU,TARAKAN,2025-03-02 10:00:00,0.7495986427363619,2025-03-01 16:00:34.677267578,2025-03-05 19:00:00,2025-03-05 19:00:00,2025-03-05 23:00:00,81.0,0.0
KM CIREMAI,MAKASSAR,2025-03-02 12:00:00,0.762551444745195,2025-03-01 17:41:55.555174014,2025-03-05 15:00:00,2025-03-05 15:00:00,2025-03-05 18:00:00,75.0,0.0
KM SIRIMAU,BAU-BAU,2025-03-02 22:00:00,0.9427830149597864,2025-03-01 23:22:23.547507474,2025-03-04 15:00:00,2025-03-05 15:00:00,2025-03-05 17:00:00,65.0,24.0
KM LEUSER,NAMROLE,2025-03-02 21:00:00,0.8931790817971109,2025-03-01 23:33:49.327332729,2025-03-04 04:00:00,2025-03-04 04:00:00,2025-03-04 06:00:00,31.0,0.0
KM DOBONSOLO,MANOKWARI,2025-03-02 10:00:00,0.4308326750344243,2025-03-01 23:39:36.056877027,2025-03-04 20:00:00,2025-03-04 20:00:00,2025-03-04 23:00:00,58.0,0.0
KM SANGIANG,SANANA,2025-03-02 06:00:00,0.1903710680176468,2025-03-02 01:25:51.939723274,2025-03-06 10:00:00,2025-03-06 10:00:00,2025-03-06 12:00:00,100.0,0.0
KM LEUSER,AMBON,2025-03-02 09:00:00,0.3139663560784594,2025-03-02 01:27:53.306834822,2025-03-04 06:00:00,2025-03-06 03:00:00,2025-03-06 06:00:00,90.0,45.0
KM LAMBELU,NUNUKAN,2025-03-02 20:00:00,0.7021162442925398,2025-03-02 03:08:57.156493125,2025-03-05 23:00:00,2025-03-05 23:00:00,2025-03-06 02:00:00,75.0,0.0
KM DOROLONDA,BAU-BAU,2025-03-02 23:00:00,0.6372173621557816,2025-03-02 07:42:24.419909740,2025-03-06 05:00:00,2025-03-06 05:00:00,2025-03-06 07:00:00,78.0,0.0
KM EGON,SURABAYA,2025-03-02 19:00:00,0.4216291420121042,2025-03-02 08:52:51.242130153,2025-03-05 20:00:00,2025-03-05 20:00:00,2025-03-06 00:00:00,73.0,0.0
KM DOBONSOLO,SORONG,2025-03-03 05:00:00,0.7366586241988032,2025-03-02 11:19:12.694869225,2025-03-04 23:00:00,2025-03-05 13:00:00,2025-03-05 17:00:00,56.0,14.0
KM SIRIMAU,WANCI,2025-03-03 08:00:00,0.6574608250188113,2025-03-02 16:13:15.384718377,2025-03-05 17:00:00,2025-03-05 17:00:00,2025-03-05 19:00:00,57.0,0.0
KM SANGIANG,BACAN,2025-03-03 05:00:00,0.2816073355444058,2025-03-02 22:14:29.126208963,2025-03-06 12:00:00,2025-03-06 12:00:00,2025-03-06 14:00:00,79.0,0.0
KM GUNUNG DEMPO,TANJUNG PRIOK,2025-03-03 03:00:00,0.1943031833362348,2025-03-02 22:20:12.204959748,2025-03-05 14:00:00,2025-03-05 14:00:00,2025-03-05 14:00:00,59.0,0.0
KM SANGIANG,TERNATE,2025-03-03 19:00:00,0.637067826326764,2025-03-03 03:42:37.339805369,2025-03-06 14:00:00,2025-03-06 14:00:00,2025-03-06 16:00:00,67.0,0.0
KM CIREMAI,SURABAYA,2025-03-03 22:00:00,0.6536076933244613,2025-03-03 06:18:48.295296767,2025-03-05 18:00:00,2025-03-06 00:00:00,2025-03-06 02:00:00,50.0,6.0
KM DOROLONDA,MAKASSAR,2025-03-03 16:00:00,0.3346077907712637,2025-03-03 07:58:09.886877364,2025-03-06 07:00:00,2025-03-06 07:00:00,2025-03-06 10:00:00,63.0,0.0
KM EGON,LEMBAR,2025-03-03 21:00:00,0.4385086337009362,2025-03-03 10:28:32.854048241,2025-03-06 00:00:00,2025-03-06 00:00:00,2025-03-06 03:00:00,51.0,0.0
KM LAMBELU,BALIKPAPAN,2025-03-04 02:00:00,0.5971077859925309,2025-03-03 11:40:09.887290245,2025-03-06 02:00:00,2025-03-06 02:00:00,2025-03-06 04:00:00,48.0,0.0
KM LEUSER,WANCI,2025-03-03 19:00:00,0.2536681792443586,2025-03-03 12:54:43.069313286,2025-03-06 06:00:00,2025-03-06 06:00:00,2025-03-06 07:00:00,59.0,0.0
KM LEUSER,BAU-BAU,2025-03-04 05:00:00,0.4282713378403963,2025-03-03 18:43:17.356410588,2025-03-06 07:00:00,2025-03-06 07:00:00,2025-03-06 09:00:00,50.0,0.0
KM EGON,WAINGAPU,2025-03-05 04:00:00,1.0,2025-03-04 04:00:00.000000000,2025-03-06 03:00:00,2025-03-06 03:00:00,2025-03-06 03:00:00,23.0,0.0
KM LAMBELU,PARE-PARE,2025-03-04 20:00:00,0.6308799242700344,2025-03-04 04:51:31.974543069,2025-03-06 04:00:00,2025-03-06 04:00:00,2025-03-06 06:00:00,32.0,0.0
KM SANGIANG,BITUNG,2025-03-04 17:00:00,0.3505329791345667,2025-03-04 08:35:13.950602772,2025-03-06 16:00:00,2025-03-06 16:00:00,2025-03-06 16:00:00,47.0,0.0
KM CIREMAI,TANJUNG PRIOK,2025-03-05 03:00:00,0.7508718785668396,2025-03-04 08:58:44.669691826,2025-03-06 02:00:00,2025-03-06 02:00:00,2025-03-06 02:00:00,23.0,0.0
KM SIRIMAU,AMBON,2025-03-04 16:00:00,0.2242372173726488,2025-03-04 10:37:05.904419002,2025-03-05 19:00:00,2025-03-06 06:00:00,2025-03-06 09:00:00,38.0,11.0
KM DOROLONDA,SURABAYA,2025-03-04 23:00:00,0.5114522906494339,2025-03-04 10:43:30.522087891,2025-03-06 10:00:00,2025-03-06 10:00:00,2025-03-06 10:00:00,35.0,0.0
KM LEUSER,MAKASSAR,2025-03-05 04:00:00,0.3347145139229855,2025-03-04 19:58:00.665997053,2025-03-06 09:00:00,2025-03-06 10:00:00,2025-03-06 14:00:00,30.0,1.0
KM LAMBELU,MAKASSAR,2025-03-05 03:00:00,0.0523176579597652,2025-03-05 01:44:39.754352278,2025-03-06 06:00:00,2025-03-06 14:00:00,2025-03-06 14:00:00,35.0,8.0
KM DOBONSOLO,BAU-BAU,2025-03-05 05:00:00,0.0,2025-03-05 05:00:00.000000000,2025-03-05 17:00:00,2025-03-06 09:00:00,2025-03-06 12:00:00,28.0,16.0
KM LEUSER,LABUAN BAJO,2025-03-06 03:00:00,0.6773676587273063,2025-03-05 10:44:35.434285962,2025-03-06 14:00:00,2025-03-06 14:00:00,2025-03-06 15:00:00,11.0,0.0
KM LEUSER,BIMA,2025-03-06 12:00:00,0.9519158612810958,2025-03-05 13:09:14.469585315,2025-03-06 15:00:00,2025-03-06 15:00:00,2025-03-06 16:00:00,3.0,0.0
KM SIRIMAU,SORONG,2025-03-06 02:00:00,0.4628531836414444,2025-03-05 14:53:29.484933378,2025-03-06 09:00:00,2025-03-06 09:00:00,2025-03-06 09:00:00,7.0,0.0
KM DOBONSOLO,MAKASSAR,2025-03-06 01:00:00,0.3036262758662807,2025-03-05 17:42:46.689765153,2025-03-06 12:00:00,2025-03-06 14:00:00,2025-03-06 17:00:00,13.0,2.0
KM DOBONSOLO,SURABAYA,2025-03-07 12:00:00,0.7500103238764537,2025-03-06 17:59:59.108017075,2025-03-07 12:00:00,2025-03-07 12:00:00,2025-03-07 14:00:00,0.0,0.0
KM LEUSER,BENOA,2025-03-07 12:00:00,0.5744721405078435,2025-03-06 22:12:45.607060124,2025-03-07 12:00:00,2025-03-07 12:00:00,2025-03-07 14:00:00,0.0,0.0
KM LEUSER,SURABAYA,2025-03-08 18:00:00,1.0,2025-03-07 18:00:00.000000000,2025-03-08 18:00:00,2025-03-08 18:00:00,2025-03-08 18:00:00,0.0,0.0
KM DOBONSOLO,TANJUNG PRIOK,2025-03-08 18:00:00,0.626846609968573,2025-03-08 02:57:20.452898715,2025-03-08 18:00:00,2025-03-08 18:00:00,2025-03-08 18:00:00,0.0,0.0
